Ensemble_ID,Ensemble_ref,Ensemble_chr,Terminus,gRNA_protospacer,gRNA_pam,gRNA_strand,n-th_coding_exon/all,gRNACut_in_cds,gRNACut_in_chr,Rounds_relax_of_primer_criteria,Primer Pair 1 For,Primer Pair 1 Rev,Primer Pair 1 For tm,Primer Pair 1 Rev tm,Primer Pair 1 Prod Size,Primer Pair 2 For,Primer Pair 2 Rev,Primer Pair 2 For tm,Primer Pair 2 Rev tm,Primer Pair 2 Prod Size,Primer Pair 3 For,Primer Pair 3 Rev,Primer Pair 3 For tm,Primer Pair 3 Rev tm,Primer Pair 3 Prod Size
ENST00000263736,GRCh38,2,C-terminus,ATACTCATAACACCCGAATG,AGG,-,20/20,277,45389323,0,CTGGCCTTCGTGGGATACTC,TGGGACAGTTCTTACAGGCA,59.89,58.57,253,GTCTGGCCTTCGTGGGATAC,TGGGACAGTTCTTACAGGCA,60.18,58.57,255,TCTGGCCTTCGTGGGATACT,TGGGACAGTTCTTACAGGCA,60.33,58.57,254
ENST00000263736,GRCh38,2,C-terminus,GATTACTCTGGACCTCATTC,GGG,+,20/20,276,45389324,0,CTGGCCTTCGTGGGATACTC,TGCCTGGAAGATCTGCAGAT,59.89,58.79,273,CACCCGAATGAGGTCCAGAG,TGCCTGGAAGATCTGCAGAT,59.82,58.79,249,GTCTGGCCTTCGTGGGATAC,TGCCTGGAAGATCTGCAGAT,60.18,58.79,275
ENST00000370339,GRCh38,20,C-terminus,AGAGTCGAAACAAACAATGA,GGG,+,5/5,24,63196711,0,GACACACTGGAGCTGACCAA,AGCTCAGAGTTGTGTGCTGG,59.89,60.25,265,GACACACTGGAGCTGACCAA,CCAGTGCAGCTCAGAGTTGT,59.89,60.25,272,ACACACTGGAGCTGACCAAG,AGCTCAGAGTTGTGTGCTGG,59.89,60.25,264
ENST00000370339,GRCh38,20,C-terminus,CAGAGTCGAAACAAACAATG,AGG,+,5/5,23,63196712,0,GACACACTGGAGCTGACCAA,AGCTCAGAGTTGTGTGCTGG,59.89,60.25,265,GACACACTGGAGCTGACCAA,CCAGTGCAGCTCAGAGTTGT,59.89,60.25,272,ACACACTGGAGCTGACCAAG,AGCTCAGAGTTGTGTGCTGG,59.89,60.25,264
ENST00000264221,GRCh38,4,C-terminus,CACATGGATTTCCTTGAAGC,AGG,+,9/9,129,56459501,0,GCAAACTGCGAGCAAGCATT,GGAGGGGTTAGATGCTCATGT,60.67,59.23,252,GCAAACTGCGAGCAAGCATT,AGGAGGGGTTAGATGCTCATG,60.67,58.95,253,ACTGCGAGCAAGCATTTTGA,GGAGGGGTTAGATGCTCATGT,59.05,59.23,248
ENST00000264221,GRCh38,4,C-terminus,TTTCTTGTCAGCCTGCTTCA,AGG,-,9/9,129,56459501,0,GCAAACTGCGAGCAAGCATT,GGAGGGGTTAGATGCTCATGT,60.67,59.23,252,GCAAACTGCGAGCAAGCATT,AGGAGGGGTTAGATGCTCATG,60.67,58.95,253,ACTGCGAGCAAGCATTTTGA,GGAGGGGTTAGATGCTCATGT,59.05,59.23,248
ENST00000623063,GRCh38,22,C-terminus,ACCATATGAAAGCGTGATGA,AGG,+,13/13,58,40366494,0,TTTGCTTTCCTCTGGCAGGT,ACAGGAAAGCACCATGGGAA,59.81,59.52,243,TTTGCTTTCCTCTGGCAGGT,AACAGGAAAGCACCATGGGA,59.81,59.52,244,TTGCTTTCCTCTGGCAGGTG,ACAGGAAAGCACCATGGGAA,60.54,59.52,242
ENST00000623063,GRCh38,22,C-terminus,ACCTTCATCACGCTTTCATA,TGG,-,13/13,48,40366484,0,TTTGCTTTCCTCTGGCAGGT,ACAGGAAAGCACCATGGGAA,59.81,59.52,243,TTTGCTTTCCTCTGGCAGGT,AACAGGAAAGCACCATGGGA,59.81,59.52,244,TTGCTTTCCTCTGGCAGGTG,ACAGGAAAGCACCATGGGAA,60.54,59.52,242
ENST00000360426,GRCh38,20,N-terminus,GGGTCAACAGGCTTATACAT,TGG,-,1/11,24,49154010,0,GGGGGATAAGCACCTCCTCT,GAGCCACCCAGGTCCTTTTA,60.4,59.3,266,GGGGGATAAGCACCTCCTCT,AGCCACCCAGGTCCTTTTATG,60.4,59.99,265,TACCTCGGGGGATAAGCACC,GAGCCACCCAGGTCCTTTTA,60.76,59.3,272
ENST00000360426,GRCh38,20,N-terminus,ATCCGAGAGTAAGGGTCAAC,AGG,-,1/11,36,49153998,0,GGGGGATAAGCACCTCCTCT,GAGCCACCCAGGTCCTTTTA,60.4,59.3,266,GGGGGATAAGCACCTCCTCT,AGCCACCCAGGTCCTTTTATG,60.4,59.99,265,TACCTCGGGGGATAAGCACC,GAGCCACCCAGGTCCTTTTA,60.76,59.3,272
ENST00000373886,GRCh38,10,N,GGGCTCTCCCTGGGCGGCCA,TGG,-,1/21,4,58513148,0,CTGGGAGCCAGTTGAGCC,AGTTTCTTCCTGTCCACGCG,60.05,60.6,264,CTGGGAGCCAGTTGAGCC,CAAGTTTCTTCCTGTCCACGC,60.05,59.74,266,CTGGGAGCCAGTTGAGCC,TTTCTTCCTGTCCACGCGG,60.05,60.3,262
ENST00000373886,GRCh38,10,N,CGCGCCCACCATGGCCGCCC,AGG,+,1/21,7,58513151,0,CTGGGAGCCAGTTGAGCC,AGTTTCTTCCTGTCCACGCG,60.05,60.6,264,CTGGGAGCCAGTTGAGCC,CAAGTTTCTTCCTGTCCACGC,60.05,59.74,266,CTGGGAGCCAGTTGAGCC,TTTCTTCCTGTCCACGCGG,60.05,60.3,262
ENST00000339438,GRCh38,1,C,GAAAGAAAGATCCGTCAAGC,TGG,+,17/17,29,114718188,0,GGTGTGCTTTGTGGATGTGG,TGAATGGGTCAGGAGTGCTT,59.69,58.93,240,TTCACCAGATTCCCCCCAAC,TGGGTCAGGAGTGCTTACTG,59.59,59.02,275,TTCACCAGATTCCCCCCAAC,GGGTCAGGAGTGCTTACTGT,59.59,59.02,274
ENST00000339438,GRCh38,1,C,AGTCAATGACACCAGCTTGA,CGG,-,17/17,29,114718188,0,GGTGTGCTTTGTGGATGTGG,TGAATGGGTCAGGAGTGCTT,59.69,58.93,240,TTCACCAGATTCCCCCCAAC,TGGGTCAGGAGTGCTTACTG,59.59,59.02,275,TTCACCAGATTCCCCCCAAC,GGGTCAGGAGTGCTTACTGT,59.59,59.02,274
ENST00000427183,GRCh38,2,N,GCCAGCGGTCTCTCTCTGCA,AGG,-,1/26,11,241267638,0,CCAGGCTCCAGGCATAGATC,GCGCAATTTGTGGGTCTGTT,59.68,59.97,277,CCAGGCTCCAGGCATAGATC,GCACTGAGGCTGCTTTTTCC,59.68,60.04,243,AAAAGCCAGCGGTCTCTCTC,ATGAGAAACTCAGCGCCCTT,60.04,59.67,262
ENST00000427183,GRCh38,2,N,ACCTTGCAGAGAGAGACCGC,TGG,+,1/26,21,241267628,0,CCAGGCTCCAGGCATAGATC,GCGCAATTTGTGGGTCTGTT,59.68,59.97,277,CCAGGCTCCAGGCATAGATC,GCACTGAGGCTGCTTTTTCC,59.68,60.04,243,TCGTTCTCCTAACAGCGACC,GCGCAATTTGTGGGTCTGTT,59.48,59.97,247
ENST00000336314,GRCh38,5,C,CACTCGAACACACAGACTTT,GGG,+,19/19,197,154814084,0,CCAGCACTCGAACACACAGA,CATGGAGAGAGGAGGGGGAA,60.25,60.03,249,CTGTCCGGGAAGATGCCAAA,CATGGAGAGAGGAGGGGGAA,60.32,60.03,277,TGTCCGGGAAGATGCCAAAT,CATGGAGAGAGGAGGGGGAA,59.67,60.03,276
ENST00000336314,GRCh38,5,C,GCACTCGAACACACAGACTT,TGG,+,19/19,196,154814083,0,CCAGCACTCGAACACACAGA,CATGGAGAGAGGAGGGGGAA,60.25,60.03,249,CTGTCCGGGAAGATGCCAAA,CATGGAGAGAGGAGGGGGAA,60.32,60.03,277,TGTCCGGGAAGATGCCAAAT,CATGGAGAGAGGAGGGGGAA,59.67,60.03,276
ENST00000329713,GRCh38,15,C,CCATCCGCATCTTTTCTTAA,AGG,+,2/2,1451,82043163,0,ATCTCAGAGTGTTGGTGGGG,CTGTGGCCACAACCTCTTCT,59.01,59.89,253,GAAGGAGAAGGGAGAGGGGG,TCGAGAGCGAAGTGATTGCC,60.69,60.46,260,GGAAGGAGAAGGGAGAGGGG,TCGAGAGCGAAGTGATTGCC,60.69,60.46,261
ENST00000329713,GRCh38,15,C,GCTGCCTTTAAGAAAAGATG,CGG,-,2/2,1444,82043170,0,ATCTCAGAGTGTTGGTGGGG,CTGTGGCCACAACCTCTTCT,59.01,59.89,253,GAAGGAGAAGGGAGAGGGGG,TCGAGAGCGAAGTGATTGCC,60.69,60.46,260,GGAAGGAGAAGGGAGAGGGG,TCGAGAGCGAAGTGATTGCC,60.69,60.46,261
ENST00000539517,GRCh38,14,C,GCTGCCAATCCTCAGAAAGT,GGG,+,5/5,995,26447969,0,TGTAACTGGGGCACTCAACC,TGGTGCAATACTTGGCAAAGG,59.89,59.38,240,TGTAACTGGGGCACTCAACC,AGTTGGTGCAATACTTGGCA,59.89,58.01,243,TGTAACTGGGGCACTCAACC,TTGGTGCAATACTTGGCAAAGG,59.89,59.96,241
ENST00000539517,GRCh38,14,C,GGCTGCCAATCCTCAGAAAG,TGG,+,5/5,994,26447970,0,TGTAACTGGGGCACTCAACC,TGGTGCAATACTTGGCAAAGG,59.89,59.38,240,TGTAACTGGGGCACTCAACC,AGTTGGTGCAATACTTGGCA,59.89,58.01,243,TGTAACTGGGGCACTCAACC,TTGGTGCAATACTTGGCAAAGG,59.89,59.96,241
ENST00000303577,GRCh38,2,N,TTCAGTCACACCGGCATCCA,TGG,-,1/1,4,70087748,0,AGTTTTGGGCCTACACCTCC,CCCTCCGAGATGTTGATCCG,59.6,59.97,249,AGTTTTGGGCCTACACCTCC,TCTCTCCGGACAATTCCCCT,59.6,59.96,265,ACTTGACCACGTAACGAGCC,GGCCGGTCAGAGTGATGATT,60.32,59.82,241
ENST00000303577,GRCh38,2,N,TAGTCCACTTTCAGTCACAC,CGG,-,1/1,13,70087757,0,AGTTTTGGGCCTACACCTCC,CCCTCCGAGATGTTGATCCG,59.6,59.97,249,AGTTTTGGGCCTACACCTCC,TCTCTCCGGACAATTCCCCT,59.6,59.96,265,ACTTGACCACGTAACGAGCC,GGCCGGTCAGAGTGATGATT,60.32,59.82,241
ENST00000257075,GRCh38,1,C,CCCCCTAATGGTATCATCTG,AGG,+,21/21,128,30933215,0,GGTTGCTGGTTGGATTTGCC,CAAATGCATGTCCGGGAAGC,60.32,60.18,276,GGTTGCTGGTTGGATTTGCC,GCAAATGCATGTCCGGGAAG,60.32,60.18,277,GGTTGCTGGTTGGATTTGCC,CCCAAGTCTCATCTCAGGCC,60.32,59.82,251
ENST00000257075,GRCh38,1,C,CTGCCTCAGATGATACCATT,AGG,-,21/21,120,30933223,0,GGTTGCTGGTTGGATTTGCC,CAAATGCATGTCCGGGAAGC,60.32,60.18,276,GGTTGCTGGTTGGATTTGCC,GCAAATGCATGTCCGGGAAG,60.32,60.18,277,GGTTGCTGGTTGGATTTGCC,CCCAAGTCTCATCTCAGGCC,60.32,59.82,251
ENST00000338086,GRCh38,2,N,AAGCTCTTGCATTAGAATCT,CGG,+,1/20,33,20327328,0,TTCCAGGAAGGGAGATGGTT,GCTTCCCTTTCTCAGATCATGC,57.94,59.38,278,TTTCCAGGAAGGGAGATGGT,GCTTCCCTTTCTCAGATCATGC,57.94,59.38,279,TACCTCTCCCATTCCCCGAG,GGTAGATTGCTGTCATAAACTGGG,60.11,59.42,241
ENST00000338086,GRCh38,2,N,AGCTCTTGCATTAGAATCTC,GGG,+,1/20,34,20327327,0,TTCCAGGAAGGGAGATGGTT,GCTTCCCTTTCTCAGATCATGC,57.94,59.38,278,TTTCCAGGAAGGGAGATGGT,GCTTCCCTTTCTCAGATCATGC,57.94,59.38,279,TACCTCTCCCATTCCCCGAG,GGTAGATTGCTGTCATAAACTGGG,60.11,59.42,241
ENST00000263736,GRCh38,2,C,ATACTCATAACACCCGAATG,AGG,-,20/20,277,45389323,0,CTGGCCTTCGTGGGATACTC,TGGGACAGTTCTTACAGGCA,59.89,58.57,253,GTCTGGCCTTCGTGGGATAC,TGGGACAGTTCTTACAGGCA,60.18,58.57,255,TCTGGCCTTCGTGGGATACT,TGGGACAGTTCTTACAGGCA,60.33,58.57,254
ENST00000263736,GRCh38,2,C,GATTACTCTGGACCTCATTC,GGG,+,20/20,276,45389324,0,CTGGCCTTCGTGGGATACTC,TGCCTGGAAGATCTGCAGAT,59.89,58.79,273,CACCCGAATGAGGTCCAGAG,TGCCTGGAAGATCTGCAGAT,59.82,58.79,249,GTCTGGCCTTCGTGGGATAC,TGCCTGGAAGATCTGCAGAT,60.18,58.79,275
ENST00000251091,GRCh38,14,C,CTTCAGCTTCTAGATGGTGG,AGG,-,11/11,21,54788937,0,CCGGACCTCCACCATCTAGA,CCACACACCAAACCATCCCA,60.11,60.47,252,CTGCTTTCTCTCCCAGACGG,CCACACACCAAACCATCCCA,60.11,60.47,278,TGAACGTAGGTGCCCTTCTC,TGGAGGATTCTGTGCAACCC,59.39,59.96,245
ENST00000251091,GRCh38,14,C,GCTTCTAGATGGTGGAGGTC,CGG,-,11/11,16,54788932,0,CACATGAACGTAGGTGCCCT,TGGAGGATTCTGTGCAACCC,60.04,59.96,249,CACATGAACGTAGGTGCCCT,GACCAGGGGGAAAAAAGGCT,60.04,60.18,280,ACACATGAACGTAGGTGCCC,TGGAGGATTCTGTGCAACCC,60.32,59.96,250
ENST00000381337,GRCh38,16,C,AAATGAAAATGACTTCTCAT,AGG,+,4/4,402,20736885,0,GAAACCCACCTCCAACACCA,GCAGGGAAATGGGAAAGAAGC,60.11,59.79,252,AGAAACCCACCTCCAACACC,GCAGGGAAATGGGAAAGAAGC,59.81,59.79,253,GCCCCAGCAACATCTCGTAG,TCTGCGGACAAATCAGACCA,60.81,59.32,253
ENST00000381337,GRCh38,16,C,GAAGTCATTTTCATTTGACT,TGG,-,4/4,384,20736903,0,AACCCACCTCCAACACCAAA,CCCTAAGGATCCGTCACAGC,59.66,59.89,280,ACCCACCTCCAACACCAAAT,CCCTAAGGATCCGTCACAGC,59.44,59.89,279,ACCCACCTCCAACACCAAAT,GCCCTAAGGATCCGTCACAG,59.44,59.89,280
ENST00000400968,GRCh38,1,C,CGGCTTTGATACTGGAGCTC,TGG,+,8/8,112,193084691,0,GGCATGTTGGATATGTGCGG,AGACCTTTGGGCCCATCTTA,59.69,58.32,252,GGCATGTTGGATATGTGCGG,TAGACCTTTGGGCCCATCTT,59.69,58.32,253,GCATGTTGGATATGTGCGGC,AGACCTTTGGGCCCATCTTA,60.32,58.32,251
ENST00000400968,GRCh38,1,C,GATATGTGCGGCTTTGATAC,TGG,+,8/8,104,193084683,0,GGCATGTTGGATATGTGCGG,AGACCTTTGGGCCCATCTTA,59.69,58.32,252,GGCATGTTGGATATGTGCGG,TAGACCTTTGGGCCCATCTT,59.69,58.32,253,GCATGTTGGATATGTGCGGC,AGACCTTTGGGCCCATCTTA,60.32,58.32,251
ENST00000355665,GRCh38,4,N,CTCCCGACTGTCAGCCGCCA,TGG,-,1/16,4,68349750,0,ACCTTTCTCCTCCCGACTGT,CTGAGCCCTAACGAGAAGGC,60.18,60.18,266,CCGTCATCTTTCTCCGCACT,TGCTGGAGTGAAAGGAAGGG,60.11,59.6,249,CCTTTCTCCTCCCGACTGTC,CTGAGCCCTAACGAGAAGGC,59.47,60.18,265
ENST00000355665,GRCh38,4,N,GAGCCATGGCGGCTGACAGT,CGG,+,1/16,12,68349742,0,CCGTCATCTTTCTCCGCACT,TGCTGGAGTGAAAGGAAGGG,60.11,59.6,249,CCGTCATCTTTCTCCGCACT,CGCTGGATGCTGGAGTGAAA,60.11,60.67,256,CCGTCATCTTTCTCCGCACT,GCTGGAGTGAAAGGAAGGGA,60.11,59.31,248
ENST00000370339,GRCh38,20,C,AGAGTCGAAACAAACAATGA,GGG,+,5/5,24,63196711,0,GACACACTGGAGCTGACCAA,AGCTCAGAGTTGTGTGCTGG,59.89,60.25,265,GACACACTGGAGCTGACCAA,CCAGTGCAGCTCAGAGTTGT,59.89,60.25,272,ACACACTGGAGCTGACCAAG,AGCTCAGAGTTGTGTGCTGG,59.89,60.25,264
ENST00000370339,GRCh38,20,C,CAGAGTCGAAACAAACAATG,AGG,+,5/5,23,63196712,0,GACACACTGGAGCTGACCAA,AGCTCAGAGTTGTGTGCTGG,59.89,60.25,265,GACACACTGGAGCTGACCAA,CCAGTGCAGCTCAGAGTTGT,59.89,60.25,272,ACACACTGGAGCTGACCAAG,AGCTCAGAGTTGTGTGCTGG,59.89,60.25,264
ENST00000254821,GRCh38,1,C,TAGTGTTTTCACCAATCACC,TGG,-,10/10,6,71065747,0,TGGGTAAAGTAGTGGTGTTCCG,CACACAGTCTTGTTTCTCTGCA,59.96,59.06,247,GGGTAAAGTAGTGGTGTTCCGT,CACACAGTCTTGTTTCTCTGCA,59.96,59.06,246,TGGGTAAAGTAGTGGTGTTCCG,TCACACAGTCTTGTTTCTCTGC,59.96,58.8,248
ENST00000368471,GRCh38,1,C,GATAAAAGTTCTTTTCCTCC,TGG,-,14/14,207,154584837,0,CCCCTGACCATGTGATGAGG,GAAGCTCTGCTCCTTCCGTT,59.82,60.04,271,CCCCTGACCATGTGATGAGG,CTCTGCTCCTTCCGTTACCG,59.82,60.18,267,CCCCTGACCATGTGATGAGG,AAGAAGCTCTGCTCCTTCCG,59.82,59.75,273
ENST00000368471,GRCh38,1,C,ATAAAAGTTCTTTTCCTCCT,GGG,-,14/14,206,154584838,0,CCCCTGACCATGTGATGAGG,GAAGCTCTGCTCCTTCCGTT,59.82,60.04,271,CCCCTGACCATGTGATGAGG,CTCTGCTCCTTCCGTTACCG,59.82,60.18,267,CCCCTGACCATGTGATGAGG,AAGAAGCTCTGCTCCTTCCG,59.82,59.75,273
ENST00000596459,GRCh38,19,C,GAGTTATTTGTGGGACTTGT,TGG,-,5/5,311,7963497,0,ACACTTGTGAAAATTGGCGCA,ACAAGTGCAAAGGGTTTGGC,59.86,59.82,240,ACACTTGTGAAAATTGGCGCA,ATCCGCGACTTCAACACCAA,59.86,60.25,259,ACACTTGTGAAAATTGGCGCA,AGTGATCCGCGACTTCAACA,59.86,59.68,263
ENST00000596459,GRCh38,19,C,GTGGGACTTGTTGGTTTTGA,AGG,-,5/5,302,7963506,0,ACACTTGTGAAAATTGGCGCA,ACAAGTGCAAAGGGTTTGGC,59.86,59.82,240,ACACTTGTGAAAATTGGCGCA,ATCCGCGACTTCAACACCAA,59.86,60.25,259,ACACTTGTGAAAATTGGCGCA,AGTGATCCGCGACTTCAACA,59.86,59.68,263
ENST00000360384,GRCh38,9,C,TATAGTGTGAAGCAGTATTC,TGG,+,15/15,12,83969369,0,ACACCTCAAATGCAGAACACC,ACGAGCAAAAATTCTAATTCGCAC,59.04,59.15,241,ACACCTCAAATGCAGAACACC,ACGAGCAAAAATTCTAATTCGCA,59.04,57.96,241,ACACCTCAAATGCAGAACACC,CGAGCAAAAATTCTAATTCGCACT,59.04,58.91,240
ENST00000325495,GRCh38,19,N,CGCGGAGAAAATGGCGGCAG,GGG,+,1/16,7,8445006,0,AGGTGTTACTGGTTGCGTCG,GAGAGGAACCCTTACCCGTG,60.6,59.46,245,AGGTGTTACTGGTTGCGTCG,GAACCCTTACCCGTGGCAAA,60.6,60.54,240,AGGTGTTACTGGTTGCGTCG,GGAGAGGAACCCTTACCCGT,60.6,60.62,246
ENST00000325495,GRCh38,19,N,AATGGCGGCAGGGGTCGAAG,CGG,+,1/16,16,8445015,0,AGGTGTTACTGGTTGCGTCG,GAGAGGAACCCTTACCCGTG,60.6,59.46,245,AGGTGTTACTGGTTGCGTCG,GAACCCTTACCCGTGGCAAA,60.6,60.54,240,AGGTGTTACTGGTTGCGTCG,GGAGAGGAACCCTTACCCGT,60.6,60.62,246
ENST00000298717,GRCh38,14,N,AGACTAGGATGTCGGACACG,TGG,+,1/11,9,21511215,0,CTTGTGGGCCTGGATAGAGC,GCTCTGCCAACACCTAACGT,60.18,60.6,243,AGTCCAGCTGCTTCTTGTGG,GCTCTGCCAACACCTAACGT,60.25,60.6,256,GCTTCTTGTGGGCCTGGATA,GCTCTGCCAACACCTAACGT,59.74,60.6,247
ENST00000298717,GRCh38,14,N,GGACACGTGGAGCTCTATCC,AGG,+,1/11,22,21511202,0,CTTGTGGGCCTGGATAGAGC,GCTCTGCCAACACCTAACGT,60.18,60.6,243,AGTCCAGCTGCTTCTTGTGG,GCTCTGCCAACACCTAACGT,60.25,60.6,256,GCTTCTTGTGGGCCTGGATA,GCTCTGCCAACACCTAACGT,59.74,60.6,247
ENST00000264670,GRCh38,5,C,CGGCGGGGGTCCATCCACCC,CGG,+,19/19,298,6599935,0,CCCACCAGTCTGCAGTCATT,GAGGGACAGAGAGCAGGAGA,59.96,60.03,240,GATCCCACCAGTCTGCAGTC,AGGGACAGAGAGCAGGAGAG,60.11,60.03,242,GATCCCACCAGTCTGCAGTC,GAGGGACAGAGAGCAGGAGA,60.11,60.03,243
ENST00000264670,GRCh38,5,C,GGCCTGCTCACCGGGGTGGA,TGG,-,19/19,297,6599936,0,CCCACCAGTCTGCAGTCATT,GAGGGACAGAGAGCAGGAGA,59.96,60.03,240,GATCCCACCAGTCTGCAGTC,AGGGACAGAGAGCAGGAGAG,60.11,60.03,242,GATCCCACCAGTCTGCAGTC,GAGGGACAGAGAGCAGGAGA,60.11,60.03,243
ENST00000379052,GRCh38,6,N,GAAGATGCACACGACCCAGA,AGG,+,1/4,13,17281595,0,AGATGCACACGACCCAGAAG,CTCACTCCAAGCTCCCGATC,60.04,59.9,246,GAAGATGCACACGACCCAGA,CTCACTCCAAGCTCCCGATC,60.04,59.9,248,AAGATGCACACGACCCAGAA,CTCACTCCAAGCTCCCGATC,59.6,59.9,247
ENST00000379052,GRCh38,6,N,GGTGTACGTCGTGTCCTTCT,GGG,-,1/4,16,17281598,0,AGATGCACACGACCCAGAAG,CTCACTCCAAGCTCCCGATC,60.04,59.9,246,GAAGATGCACACGACCCAGA,CTCACTCCAAGCTCCCGATC,60.04,59.9,248,AAGATGCACACGACCCAGAA,CTCACTCCAAGCTCCCGATC,59.6,59.9,247
ENST00000254193,GRCh38,15,C,AAGAAGACACAGTCACAAAC,GGG,+,9/9,47,101281736,0,ACATCTGCCTCACTGCTCAG,AGACTAGACCGTCCCTGGAC,59.75,60.03,244,ACATCTGCCTCACTGCTCAG,CAGACTAGACCGTCCCTGGA,59.75,60.03,245,TCAGGACCCGTTTGTGACTG,ATCCCTTCCAGTACCTGCCA,59.89,60.25,253
ENST00000254193,GRCh38,15,C,GAAGAAGACACAGTCACAAA,CGG,+,9/9,46,101281737,0,ACATCTGCCTCACTGCTCAG,AGACTAGACCGTCCCTGGAC,59.75,60.03,244,ACATCTGCCTCACTGCTCAG,CAGACTAGACCGTCCCTGGA,59.75,60.03,245,TCAGGACCCGTTTGTGACTG,CATCCCTTCCAGTACCTGCC,59.89,59.82,254
ENST00000258962,GRCh38,17,N,AATCACACCACCTCCCGACA,TGG,-,1/4,4,58007134,0,CGTAGATGCGGCAATCGTTG,TGTTGGGATCGAATCGCTGT,60.04,59.75,247,CGTAGATGCGGCAATCGTTG,GTGCGTGTTGGGATCGAATC,60.04,59.63,252,AGTTACCCACGTAGATGCGG,GAATCGCTGTTTCCTTCCGC,59.54,59.9,246
ENST00000258962,GRCh38,17,N,GTCACCGCCATGTCGGGAGG,TGG,+,1/4,8,58007130,0,CGTAGATGCGGCAATCGTTG,TGTTGGGATCGAATCGCTGT,60.04,59.75,247,CGTAGATGCGGCAATCGTTG,GTGCGTGTTGGGATCGAATC,60.04,59.63,252,AGTTACCCACGTAGATGCGG,GAATCGCTGTTTCCTTCCGC,59.54,59.9,246
ENST00000360426,GRCh38,20,N,GGGTCAACAGGCTTATACAT,TGG,-,1/11,24,49154010,0,GGGGGATAAGCACCTCCTCT,GAGCCACCCAGGTCCTTTTA,60.4,59.3,266,GGGGGATAAGCACCTCCTCT,AGCCACCCAGGTCCTTTTATG,60.4,59.99,265,TACCTCGGGGGATAAGCACC,GAGCCACCCAGGTCCTTTTA,60.76,59.3,272
ENST00000360426,GRCh38,20,N,ATCCGAGAGTAAGGGTCAAC,AGG,-,1/11,36,49153998,0,GGGGGATAAGCACCTCCTCT,GAGCCACCCAGGTCCTTTTA,60.4,59.3,266,GGGGGATAAGCACCTCCTCT,AGCCACCCAGGTCCTTTTATG,60.4,59.99,265,TACCTCGGGGGATAAGCACC,GAGCCACCCAGGTCCTTTTA,60.76,59.3,272
ENST00000360998,GRCh38,9,N,TTCAACAATCTATCCATCTC,CGG,+,1/16,28,123179161,0,ACAGCTTCAAGTTCCTCCGG,TTTACTTCCCACGCTGGAGC,59.96,60.32,248,ACAGCTTCAAGTTCCTCCGG,CCACGCTGGAGCAGTTTTTT,59.96,59.61,240,CAGCTTCAAGTTCCTCCGGA,TTTACTTCCCACGCTGGAGC,59.68,60.32,247
ENST00000360998,GRCh38,9,N,GCTTCAAGTTCCTCCGGAGA,TGG,-,1/16,30,123179159,0,ACAGCTTCAAGTTCCTCCGG,TTTACTTCCCACGCTGGAGC,59.96,60.32,248,ACAGCTTCAAGTTCCTCCGG,CCACGCTGGAGCAGTTTTTT,59.96,59.61,240,CAGCTTCAAGTTCCTCCGGA,TTTACTTCCCACGCTGGAGC,59.68,60.32,247
ENST00000266987,GRCh38,12,N,GGAGGAGGGAATGAGTGAAG,AGG,+,1/9,7,53501416,0,ACGGAGGAGGGAATGAGTGA,GCCAACCCCAAACTATTTAGAGC,59.96,59.87,254,AGCTCGTCGGCTGTGTATTG,GAACCACTGCCCACTGCC,60.46,60.99,256,AGCTCGTCGGCTGTGTATTG,GGAACCACTGCCCACTGC,60.46,60.99,257
ENST00000266987,GRCh38,12,N,GGAATGAGTGAAGAGGAGCA,AGG,+,1/9,14,53501423,0,ACGGAGGAGGGAATGAGTGA,GCCAACCCCAAACTATTTAGAGC,59.96,59.87,254,AGCTCGTCGGCTGTGTATTG,GAACCACTGCCCACTGCC,60.46,60.99,256,AGCTCGTCGGCTGTGTATTG,GGAACCACTGCCCACTGC,60.46,60.99,257
ENST00000476907,GRCh38,11,C,TTGAGATGTCGAATTGCTTG,AGG,-,9/9,1130,62575115,0,GGGAGGGGAAGGGGGATTAT,GCGAAGAGAGGCCAGAAACT,60.1,60.04,264,GGGAGGGGAAGGGGGATTAT,CTGAGTGGTGGCGAAGAGAG,60.1,60.11,274,GGGAGGGGAAGGGGGATTAT,GACTGAGTGGTGGCGAAGAG,60.1,60.39,276
ENST00000476907,GRCh38,11,C,TGAGATGTCGAATTGCTTGA,GGG,-,9/9,1129,62575116,0,GGGAGGGGAAGGGGGATTAT,GCGAAGAGAGGCCAGAAACT,60.1,60.04,264,GGGAGGGGAAGGGGGATTAT,CTGAGTGGTGGCGAAGAGAG,60.1,60.11,274,GGGAGGGGAAGGGGGATTAT,GACTGAGTGGTGGCGAAGAG,60.1,60.39,276
ENST00000597629,GRCh38,19,C,AACAGAGATGCGATTGAAGA,TGG,-,2/2,931,39408674,0,GGCGACTCCCCATCTTCAAT,CTCCATCCCCCACCATCATG,59.82,59.89,254,CCTCTGTACAGTCCCTGGGA,TCCATGCAGAGACCACAGTG,59.96,59.68,242,CCTCTGTACAGTCCCTGGGA,GTCCATGCAGAGACCACAGT,59.96,59.68,243
ENST00000597629,GRCh38,19,C,ACAGAGATGCGATTGAAGAT,GGG,-,2/2,930,39408673,0,GGCGACTCCCCATCTTCAAT,CTCCATCCCCCACCATCATG,59.82,59.89,254,CCTCTGTACAGTCCCTGGGA,TCCATGCAGAGACCACAGTG,59.96,59.68,242,CCTCTGTACAGTCCCTGGGA,GTCCATGCAGAGACCACAGT,59.96,59.68,243
ENST00000372435,GRCh38,X,N,CCGCTGAAGATTTTGATATT,CGG,-,1/7,9,107628638,0,GGCCAGGATGCCGAATATCA,CTAGTCACAGAGCTGCACCC,59.96,60.11,257,GCTTAGGGTAGTTGGCCAGG,CTAGTCACAGAGCTGCACCC,60.11,60.11,270,TTGAGTCTGTGGCCGACTTC,GCGACCCCATCCCTCCTATA,59.97,60.25,274
ENST00000372435,GRCh38,X,N,CCGAATATCAAAATCTTCAG,CGG,+,1/7,20,107628649,0,GGCCAGGATGCCGAATATCA,CTAGTCACAGAGCTGCACCC,59.96,60.11,257,GCTTAGGGTAGTTGGCCAGG,CTAGTCACAGAGCTGCACCC,60.11,60.11,270,TTGAGTCTGTGGCCGACTTC,GCGACCCCATCCCTCCTATA,59.97,60.25,274
ENST00000333467,GRCh38,22,C,TCCAGAATCAGGGAAACTGA,AGG,+,8/8,12,38992443,0,GCCTCCTTCTCTTTCCCACC,GTGGTGAACGGTCTGTTTGC,60.03,59.97,241,GCCTCCTTCTCTTTCCCACC,GATGGTGGTGAACGGTCTGT,60.03,59.97,245,GCCTCCTTCTCTTTCCCACC,TTTGCTGGTGTCTGTGAGCA,60.03,60.11,271
ENST00000333467,GRCh38,22,C,TCCTTCAGTTTCCCTGATTC,TGG,-,8/8,2,38992433,0,GCCTCCTTCTCTTTCCCACC,GTGGTGAACGGTCTGTTTGC,60.03,59.97,241,GCCTCCTTCTCTTTCCCACC,GATGGTGGTGAACGGTCTGT,60.03,59.97,245,GCCTCCTTCTCTTTCCCACC,TTTGCTGGTGTCTGTGAGCA,60.03,60.11,271
ENST00000623063,GRCh38,22,C,ACCATATGAAAGCGTGATGA,AGG,+,13/13,58,40366494,0,TTTGCTTTCCTCTGGCAGGT,ACAGGAAAGCACCATGGGAA,59.81,59.52,243,TTTGCTTTCCTCTGGCAGGT,AACAGGAAAGCACCATGGGA,59.81,59.52,244,TTGCTTTCCTCTGGCAGGTG,ACAGGAAAGCACCATGGGAA,60.54,59.52,242
ENST00000623063,GRCh38,22,C,ACCTTCATCACGCTTTCATA,TGG,-,13/13,48,40366484,0,TTTGCTTTCCTCTGGCAGGT,ACAGGAAAGCACCATGGGAA,59.81,59.52,243,TTTGCTTTCCTCTGGCAGGT,AACAGGAAAGCACCATGGGA,59.81,59.52,244,TTGCTTTCCTCTGGCAGGTG,ACAGGAAAGCACCATGGGAA,60.54,59.52,242
ENST00000236959,GRCh38,2,N,ACCGAGCTGGCCGGGAGCCA,TGG,-,1/16,4,215312147,0,ATAAGCCCGGAAACAGCTCC,GGACGCTGGCTTTCAATCCC,60.11,61.66,268,ATAAGCCCGGAAACAGCTCC,GGGACGCTGGCTTTCAATCC,60.11,61.66,269,ATAAGCCCGGAAACAGCTCC,GGGGACGCTGGCTTTCAATC,60.11,61.66,270
ENST00000236959,GRCh38,2,N,AGGGCCTCACCGAGCTGGCC,GGG,-,1/16,12,215312155,0,ATAAGCCCGGAAACAGCTCC,GGACGCTGGCTTTCAATCCC,60.11,61.66,268,ATAAGCCCGGAAACAGCTCC,GGGACGCTGGCTTTCAATCC,60.11,61.66,269,ATAAGCCCGGAAACAGCTCC,GGGGACGCTGGCTTTCAATC,60.11,61.66,270
ENST00000366535,GRCh38,1,C,GAGTTGAATCATAGATTCTC,TGG,-,13/13,30,244409609,0,TTCCCCTCCCTCTCAAGGAG,TCGGCACAGTCTGCTAACAG,59.96,60.04,254,TTCCCCTCCCTCTCAAGGAG,AGAAATCGGCACAGTCTGCT,59.96,59.68,259,TTTCCCCTCCCTCTCAAGGA,TCGGCACAGTCTGCTAACAG,59.5,60.04,255
ENST00000366535,GRCh38,1,C,CTAGTTAAGTGGATTGGTGT,TGG,+,13/13,13,244409626,0,TTCCCCTCCCTCTCAAGGAG,TCGGCACAGTCTGCTAACAG,59.96,60.04,254,TTCCCCTCCCTCTCAAGGAG,AGAAATCGGCACAGTCTGCT,59.96,59.68,259,TTTCCCCTCCCTCTCAAGGA,TCGGCACAGTCTGCTAACAG,59.5,60.04,255
ENST00000298556,GRCh38,X,N,CACCACGACGCCAGGGCTGC,GGG,-,1/9,13,134460325,0,TTCCTCCTCCTGAGCAGTCA,CATTCCGTCCTCCCTGCC,59.88,59.81,256,TTCCTCCTCCTGAGCAGTCA,CCATTCCGTCCTCCCTGC,59.88,59.81,257,TTCCTCCTCCTGAGCAGTCA,GCCATTCCGTCCTCCCTG,59.88,59.81,258
ENST00000298556,GRCh38,X,N,GTTATGGCGACCCGCAGCCC,TGG,+,1/9,14,134460326,0,TTCCTCCTCCTGAGCAGTCA,CATTCCGTCCTCCCTGCC,59.88,59.81,256,TTCCTCCTCCTGAGCAGTCA,CCATTCCGTCCTCCCTGC,59.88,59.81,257,TTCCTCCTCCTGAGCAGTCA,GCCATTCCGTCCTCCCTG,59.88,59.81,258
ENST00000361505,GRCh38,14,C,GCAGGTCAACTGGCTTTGTC,AGG,-,6/6,206,20476590,0,CACTCCCTGACAAAGCCAGT,CGCCAAGGTCTCACTATGCT,59.89,59.82,242,CACTCCCTGACAAAGCCAGT,AGCGCCAAGGTCTCACTATG,59.89,59.82,244,TTCCACTCCCTGACAAAGCC,CGCCAAGGTCTCACTATGCT,59.89,59.82,245
ENST00000361505,GRCh38,14,C,CAGGTCAACTGGCTTTGTCA,GGG,-,6/6,205,20476589,0,CACTCCCTGACAAAGCCAGT,CGCCAAGGTCTCACTATGCT,59.89,59.82,242,CACTCCCTGACAAAGCCAGT,AGCGCCAAGGTCTCACTATG,59.89,59.82,244,TTCCACTCCCTGACAAAGCC,CGCCAAGGTCTCACTATGCT,59.89,59.82,245
ENST00000496200,GRCh38,7,C,TACGAAAAGCGGCTGTACTG,AGG,+,13/13,18,128393011,0,CTCTCTGCCTGGAAAGGAGC,TCTCTCCTACATCTGGGGGC,60.11,60.11,248,TCCTCTCTGCCTGGAAAGGA,TCTCTCCTACATCTGGGGGC,59.88,60.11,250,CTCTGCCTGGAAAGGAGCTG,TCTCTCCTACATCTGGGGGC,60.39,60.11,246
ENST00000496200,GRCh38,7,C,GTCCCCACAGTTACGAAAAG,CGG,+,13/13,7,128393022,0,CTCTCTGCCTGGAAAGGAGC,TCTCTCCTACATCTGGGGGC,60.11,60.11,248,TCAGTACAGCCGCTTTTCGT,AAGGAGCATGGCCATCTCTG,59.97,59.82,254,GTCCTCAGTACAGCCGCTTT,AAGGAGCATGGCCATCTCTG,60.04,59.82,258
ENST00000378364,GRCh38,16,N,CTGCAGCTCGGAGTCGGCCA,TGG,-,1/5,4,88811896,0,CTGTGCGTGCACCTGAATAC,AAATCGATGGCGCCTAGGAG,59.56,59.97,259,CTGTGCGTGCACCTGAATAC,GCGCCTAGGAGTCCATGAAA,59.56,59.82,250,CCTGTGCGTGCACCTGAATA,AAATCGATGGCGCCTAGGAG,60.67,59.97,260
ENST00000378364,GRCh38,16,N,AACCAGCTGCAGCTCGGAGT,CGG,-,1/5,10,88811890,0,CTGTGCGTGCACCTGAATAC,AAATCGATGGCGCCTAGGAG,59.56,59.97,259,CTGTGCGTGCACCTGAATAC,GCGCCTAGGAGTCCATGAAA,59.56,59.82,250,CCTGTGCGTGCACCTGAATA,AAATCGATGGCGCCTAGGAG,60.67,59.97,260
ENST00000368471,GRCh38,1,N,TTTAGACATGGCCGAGATCA,AGG,+,1/14,10,154601747,0,TTCAGGGCAGAGGAGTCAGA,CCGAGTTTGGAACCGGAAGA,59.88,59.97,278,CCCCTGCCTTTCCATGTCAA,CACAGCGGAGTGGTAAGACC,60.25,60.39,258,TCAGGGCAGAGGAGTCAGAC,CCGAGTTTGGAACCGGAAGA,60.61,59.97,277
ENST00000368471,GRCh38,1,N,GCAGATTTTCTCCTTGATCT,CGG,-,1/14,10,154601747,0,TTCAGGGCAGAGGAGTCAGA,CCGAGTTTGGAACCGGAAGA,59.88,59.97,278,CCCCTGCCTTTCCATGTCAA,CACAGCGGAGTGGTAAGACC,60.25,60.39,258,TCAGGGCAGAGGAGTCAGAC,CCGAGTTTGGAACCGGAAGA,60.61,59.97,277
ENST00000314666,GRCh38,17,C,CCTGGAAGGGAGCTGCTGAC,TGG,+,27/27,309,8269263,0,CCGAAACTGGACCCTGGAAG,TGAGAAAGGGCATGCCATGT,60.32,59.96,254,CCGAAACTGGACCCTGGAAG,GCTGTTTCCTGGGCTGAGAA,60.32,60.25,268,ATACTCTGACCACCTCCCCC,ACACAGCCACAGAAGGAACA,60.03,59.45,257
ENST00000314666,GRCh38,17,C,CCAGTCAGCAGCTCCCTTCC,AGG,-,27/27,298,8269252,0,CCGAAACTGGACCCTGGAAG,TGAGAAAGGGCATGCCATGT,60.32,59.96,254,ATACTCTGACCACCTCCCCC,ACACAGCCACAGAAGGAACA,60.03,59.45,257,TCAATGCCCGAAACTGGACC,TGAGAAAGGGCATGCCATGT,60.61,59.96,261
ENST00000264221,GRCh38,4,C,CACATGGATTTCCTTGAAGC,AGG,+,9/9,129,56459501,0,GCAAACTGCGAGCAAGCATT,GGAGGGGTTAGATGCTCATGT,60.67,59.23,252,GCAAACTGCGAGCAAGCATT,AGGAGGGGTTAGATGCTCATG,60.67,58.95,253,ACTGCGAGCAAGCATTTTGA,GGAGGGGTTAGATGCTCATGT,59.05,59.23,248
ENST00000264221,GRCh38,4,C,TTTCTTGTCAGCCTGCTTCA,AGG,-,9/9,129,56459501,0,GCAAACTGCGAGCAAGCATT,GGAGGGGTTAGATGCTCATGT,60.67,59.23,252,GCAAACTGCGAGCAAGCATT,AGGAGGGGTTAGATGCTCATG,60.67,58.95,253,ACTGCGAGCAAGCATTTTGA,GGAGGGGTTAGATGCTCATGT,59.05,59.23,248
ENST00000264220,GRCh38,4,C,TGTAGAATTAGAATGGTAGC,TGG,+,11/11,195,56395354,0,TGAGGTGTGACCACTATAACTTCT,AGGAGCAAACAGTGTTGTGT,58.92,57.87,268,TGAAACTACACACATCCAACCCT,TCCCTCTTTCTTTAGGAGCAAACA,59.86,59.9,240,AGATGAGGTGTGACCACTATAACT,AGGAGCAAACAGTGTTGTGT,58.73,57.87,271
ENST00000264220,GRCh38,4,C,AATATCCTGTAGAATTAGAA,TGG,+,11/11,188,56395361,0,TGAGGTGTGACCACTATAACTTCT,AGGAGCAAACAGTGTTGTGT,58.92,57.87,268,TGAAACTACACACATCCAACCCT,TCCCTCTTTCTTTAGGAGCAAACA,59.86,59.9,240,AGATGAGGTGTGACCACTATAACT,AGGAGCAAACAGTGTTGTGT,58.73,57.87,271
ENST00000381815,GRCh38,21,C,CAAGATCTGTTGGGTTAAAG,AGG,+,21/21,181,33504135,0,TCTTTTGGGCCAAGTCCATGA,AAGCTGTTCCCGTGAAGAGG,59.85,59.96,246,TCTTTTGGGCCAAGTCCATGA,TTGCAAGAAGCTGTTCCCGT,59.85,60.47,253,CTTTTGGGCCAAGTCCATGA,AAGCTGTTCCCGTGAAGAGG,58.37,59.96,245
ENST00000381815,GRCh38,21,C,AGAAAATGGCAAGATCTGTT,GGG,+,21/21,172,33504144,0,TCTTTTGGGCCAAGTCCATGA,AAGCTGTTCCCGTGAAGAGG,59.85,59.96,246,TCTTTTGGGCCAAGTCCATGA,TTGCAAGAAGCTGTTCCCGT,59.85,60.47,253,CTTTTGGGCCAAGTCCATGA,AAGCTGTTCCCGTGAAGAGG,58.37,59.96,245
ENST00000326739,GRCh38,3,C,CTGCCTGCAGGTATGAGAAG,CGG,+,14/14,7,49024398,0,CATCTGTGGTAGTGGCAGCT,GAAGAGAACGTCCTCAGCCC,59.75,60.11,279,GAGGTGTGCTGGATCCCTTT,CCACATTTGACCTCTGCCCT,59.67,59.96,243,TGCATCTGTGGTAGTGGCAG,CGTCCATAGCCTCCATTCGT,60.04,59.61,248
ENST00000371873,GRCh38,1,C,GTGCAGATTTTTGACAAGGA,AGG,+,6/6,32,47376736,0,CGCCCCGCCAAATTTGATTA,ACCATGTACTTTCCAGCCACT,59.54,59.29,268,CGCCCCGCCAAATTTGATTA,ACCATGTACTTTCCAGCCAC,59.54,57.8,268,CGCCCCGCCAAATTTGATTAT,ACCATGTACTTTCCAGCCACT,59.93,59.29,268
ENST00000371873,GRCh38,1,C,AGTTGTGCAGATTTTTGACA,AGG,+,6/6,28,47376732,0,CGCCCCGCCAAATTTGATTA,ACCATGTACTTTCCAGCCACT,59.54,59.29,268,CGCCCCGCCAAATTTGATTA,ACCATGTACTTTCCAGCCAC,59.54,57.8,268,CGCCCCGCCAAATTTGATTAT,ACCATGTACTTTCCAGCCACT,59.93,59.29,268
ENST00000371953,GRCh38,10,N,GCTAACGATCTCTTTGATGA,TGG,-,1/9,13,87864483,0,CATCAGCTACCGCCAAGTCC,TCCGTCTACTCCCACGTTCT,60.81,59.96,256,GCCAAGTCCAGAGCCATTTC,TCCGTCTACTCCCACGTTCT,59.19,59.96,245,CGCCAAGTCCAGAGCCATTT,TCCGTCTACTCCCACGTTCT,60.96,59.96,246
ENST00000371953,GRCh38,10,N,AGATCGTTAGCAGAAACAAA,AGG,+,1/9,36,87864506,0,CAGGCTCCCAGACATGACAG,TCCGTCTAGCCAAACACACC,60.11,59.97,276,CAGGCTCCCAGACATGACAG,CGTCTAGCCAAACACACCCT,60.11,59.97,274,CCCAGACATGACAGCCATCA,TCCGTCTAGCCAAACACACC,59.75,59.97,270
ENST00000263036,GRCh38,10,C,CACGTTACAGATTCACGTGA,TGG,+,13/13,102,13136847,0,TCATTCCTGCCCCAAGTGTG,CCAAGTGATCCACCCACCTC,60.25,60.04,278,TTCCGATTCATTCCTGCCCC,CACCTCGACCTCCCAAAGTG,60.11,60.32,271,AAGTGTGGAGAGGTTCTGCC,CCAAGTGATCCACCCACCTC,59.6,60.04,265
ENST00000263036,GRCh38,10,C,ATCTGTAACGTGTCTATGTC,AGG,-,13/13,80,13136825,0,TCATTCCTGCCCCAAGTGTG,CCAAGTGATCCACCCACCTC,60.25,60.04,278,TTCCGATTCATTCCTGCCCC,CACCTCGACCTCCCAAAGTG,60.11,60.32,271,AAGTGTGGAGAGGTTCTGCC,CCAAGTGATCCACCCACCTC,59.6,60.04,265
ENST00000553300,GRCh38,14,N,TGTCTTGTTGGTAACGTTGC,TGG,-,1/7,10,21234184,0,GCAGCCCACAATTTTGCCAT,ACTCTGGGCAGTTAACAGTGA,60.32,58.95,278,GAGCAGCCCACAATTTTGCC,ACTCTGGGCAGTTAACAGTGA,60.67,58.95,280,GCAGCCCACAATTTTGCCAT,ACTCTGGGCAGTTAACAGTG,60.32,57.45,278
ENST00000553300,GRCh38,14,N,GGAGCGAGGATCTGTCTTGT,TGG,-,1/7,22,21234172,0,GCAGCCCACAATTTTGCCAT,ACTCTGGGCAGTTAACAGTGA,60.32,58.95,278,GAGCAGCCCACAATTTTGCC,ACTCTGGGCAGTTAACAGTGA,60.67,58.95,280,GCAGCCCACAATTTTGCCAT,ACTCTGGGCAGTTAACAGTG,60.32,57.45,278
ENST00000324210,GRCh38,3,C,ACATCTGGGTAACATACTTG,TGG,-,8/8,38,152459309,0,GTTGGCTTGCTTGCATGGAT,TGTCTGATAAAATTCCTCACACCCA,59.75,60.22,277,TTGTTGGCTTGCTTGCATGG,TGTCTGATAAAATTCCTCACACCCA,60.25,60.22,279,GTTGGCTTGCTTGCATGGAT,GTCTGATAAAATTCCTCACACCCA,59.75,58.75,276
ENST00000324210,GRCh38,3,C,CTTGTGGCTAGTCAGATGTT,CGG,-,8/8,22,152459293,0,GTTGGCTTGCTTGCATGGAT,TGTCTGATAAAATTCCTCACACCCA,59.75,60.22,277,TTGTTGGCTTGCTTGCATGG,TGTCTGATAAAATTCCTCACACCCA,60.25,60.22,279,GTTGGCTTGCTTGCATGGAT,GTCTGATAAAATTCCTCACACCCA,59.75,58.75,276
ENST00000321358,GRCh38,1,C,TCCCGAGGCTGAGCAGGGCG,GGG,+,7/7,221,42701002,0,CAAGGTCAGCAGCCACCTC,CACCACTCACGACTGCCATA,60.67,59.75,240,CAAGGTCAGCAGCCACCTC,ATGGTCACCACTCACGACTG,60.67,59.68,245,AAGGTCAGCAGCCACCTCAA,ATGGTCACCACTCACGACTG,61.71,59.68,244
ENST00000321358,GRCh38,1,C,CTCCCGAGGCTGAGCAGGGC,GGG,+,7/7,220,42701001,0,CAAGGTCAGCAGCCACCTC,CACCACTCACGACTGCCATA,60.67,59.75,240,CAAGGTCAGCAGCCACCTC,ATGGTCACCACTCACGACTG,60.67,59.68,245,AAGGTCAGCAGCCACCTCAA,ATGGTCACCACTCACGACTG,61.71,59.68,244
ENST00000356674,GRCh38,7,N,TGAGTCCGCGATGGAGGTAA,CGG,+,1/11,7,26200571,0,TTGGTCCGATTTCCTGCCTC,GAGTTGTTTCTCGAGCAGCG,60.04,59.56,244,TTGGTCCGATTTCCTGCCTC,CGCAGAGTTGTTTCTCGAGC,60.04,59.56,248,AAACCTTAAGCCCCACTGCT,CAGTTCTCACTACAGCGCCA,59.52,60.04,249
ENST00000356674,GRCh38,7,N,GAGTCCGCGATGGAGGTAAC,GGG,+,1/11,8,26200570,0,TTGGTCCGATTTCCTGCCTC,GAGTTGTTTCTCGAGCAGCG,60.04,59.56,244,TTGGTCCGATTTCCTGCCTC,CGCAGAGTTGTTTCTCGAGC,60.04,59.56,248,AAACCTTAAGCCCCACTGCT,CAGTTCTCACTACAGCGCCA,59.52,60.04,249
ENST00000295095,GRCh38,2,N,TACAAATTCTGATACTTCCG,TGG,+,1/13,28,143155519,0,AGGGACACTCCATCAAGAGTT,GGTTCAGTGACCTTCCCGAC,58.37,60.32,252,AGGGACACTCCATCAAGAGTT,GTTCAGTGACCTTCCCGACA,58.37,59.61,251,AGGGACACTCCATCAAGAGTT,CAGTGACCTTCCCGACATCG,58.37,60.46,248
ENST00000295095,GRCh38,2,N,GGTAGAATTCAGTGTTTCCA,CGG,-,1/13,34,143155525,0,AGGGACACTCCATCAAGAGTT,GGTTCAGTGACCTTCCCGAC,58.37,60.32,252,AGGGACACTCCATCAAGAGTT,GTTCAGTGACCTTCCCGACA,58.37,59.61,251,AGGGACACTCCATCAAGAGTT,CAGTGACCTTCCCGACATCG,58.37,60.46,248
ENST00000304032,GRCh38,2,N,CAGCTGCTGCTGGTAGTTCA,TGG,-,1/18,4,235494691,0,CTTTCTTCTCGCGCCTCCTC,CCAGCAGCTCGTAGATGGAG,60.8,59.97,247,CTTTCTTCTCGCGCCTCCTC,CTCCAGCAGCTCGTAGATGG,60.8,59.97,249,CTTTCTTCTCGCGCCTCCTC,TCCAGCAGCTCGTAGATGGA,60.8,60.4,248
ENST00000304032,GRCh38,2,N,CCGAGTTGGCCAGCTGCTGC,TGG,-,1/18,14,235494701,7,GTCCCGGCCATGAACTGAG,GACACCCGCACGCACACAG,60.45,64.38,446,GTCCCGGCCATGAACTGAG,GACACCCGCACGCACACA,60.45,63.56,446,GTCCCGGCCATGAACTGAG,ACACCCGCACGCACACAG,60.45,63.57,445
ENST00000473312,GRCh38,7,N,GGCTCTGCCCCCCGCCCGCC,TGG,-,1/9,4,151086746,0,TCCGAAGCCATGAACTTCCA,GACTCGAAGCGCTGGATCTC,59.31,60.59,242,GCTCCGAAGCCATGAACTTC,GACTCGAAGCGCTGGATCTC,59.27,60.59,244,CGAAGCCATGAACTTCCAGG,GACTCGAAGCGCTGGATCTC,58.91,60.59,240
ENST00000473312,GRCh38,7,N,ATGAACTTCCAGGCGGGCGG,GGG,+,1/9,7,151086749,0,TCCGAAGCCATGAACTTCCA,TATTGGGATGCACGGACTCG,59.31,59.9,256,GCTCCGAAGCCATGAACTTC,TATTGGGATGCACGGACTCG,59.27,59.9,258,GAAGCCATGAACTTCCAGGC,TATTGGGATGCACGGACTCG,59.19,59.9,253
ENST00000366769,GRCh38,1,C,GAGCACTGACCGCGGGAGCT,GGG,+,36/36,118,226994282,0,ATCCCTGTCCTGCTACTGCT,AGGCATTCCACAGCTTCCAA,60.33,59.89,249,ATCCCTGTCCTGCTACTGCT,TGGGCCTTACAGGACTCTGA,60.33,59.88,276,ATCCCTGTCCTGCTACTGCT,CTCTCCGAGGCATTCCACAG,60.33,60.18,256
ENST00000366769,GRCh38,1,C,AGAGCACTGACCGCGGGAGC,TGG,+,36/36,117,226994283,0,ATCCCTGTCCTGCTACTGCT,AGGCATTCCACAGCTTCCAA,60.33,59.89,249,ATCCCTGTCCTGCTACTGCT,TGGGCCTTACAGGACTCTGA,60.33,59.88,276,ATCCCTGTCCTGCTACTGCT,CTCTCCGAGGCATTCCACAG,60.33,60.18,256
ENST00000424889,GRCh38,16,N,CTTCAGGATGACGCTGGACG,TGG,+,1/10,10,30748831,0,GTCGTCTCAGAGCCTGTGG,ACTCTCCAGCCTTCAAACGG,59.79,59.96,247,GGTCGTCTCAGAGCCTGTG,ACTCTCCAGCCTTCAAACGG,59.79,59.96,248,CATGCGGGTCGTCTCAGAG,ACTCTCCAGCCTTCAAACGG,60.23,59.96,254
ENST00000424889,GRCh38,16,N,TTCAGGATGACGCTGGACGT,GGG,+,1/10,11,30748832,0,GTCGTCTCAGAGCCTGTGG,ACTCTCCAGCCTTCAAACGG,59.79,59.96,247,GGTCGTCTCAGAGCCTGTG,ACTCTCCAGCCTTCAAACGG,59.79,59.96,248,CATGCGGGTCGTCTCAGAG,ACTCTCCAGCCTTCAAACGG,60.23,59.96,254
ENST00000312175,GRCh38,11,C,GCTTCGGATGCCTTCGAGAG,TGG,+,2/2,123,66003749,0,CTGAAAGACACTTGTGGCGC,AGGCATGCAAGAGCGAGAAT,60.04,60.11,274,GCTGAAAGACACTTGTGGCG,AGGCATGCAAGAGCGAGAAT,60.04,60.11,275,AGGCCTATGTTGTCCTTGGC,TACGTCGGAGGTGAGTACGA,60.03,59.75,267
ENST00000312175,GRCh38,11,C,AGGCGTCGCACCACTCTCGA,AGG,-,2/2,122,66003748,0,CGCTCCTTCCTTTTCCCTGT,TTCGTAGAGGACAGGGGAGG,59.96,60.03,255,CGCTCCTTCCTTTTCCCTGT,CCTTCGTAGAGGACAGGGGA,59.96,60.03,257,CGCTCCTTCCTTTTCCCTGT,TCCTTCGTAGAGGACAGGGG,59.96,60.03,258
ENST00000329138,GRCh38,17,N,GGTGCCGCTGCCTCGCCCCA,TGG,-,1/22,4,81684071,0,GGGTTTGGGCTGGAGGTC,CATTTGCCAACGCCCGAC,59.96,60.13,265,GGTTTGGGCTGGAGGTCG,CATTTGCCAACGCCCGAC,60.36,60.13,264,GTCGGGTTTGGGCTGGAG,CATTTGCCAACGCCCGAC,60.36,60.13,268
ENST00000329138,GRCh38,17,N,GTCGCCATGGGGCGAGGCAG,CGG,+,1/22,11,81684078,0,GGGTTTGGGCTGGAGGTC,CAGAGCCCCATTTGCCAAC,59.96,59.41,273,GGTTTGGGCTGGAGGTCG,CAGAGCCCCATTTGCCAAC,60.36,59.41,272,GTCGGGTTTGGGCTGGAG,CAGAGCCCCATTTGCCAAC,60.36,59.41,276
ENST00000397128,GRCh38,5,N,CCAGGAACTGAGTCTGCGCA,TGG,-,1/9,4,40798186,0,TGTTTCTGCTTCTCGGCTGT,GCGGGTACTGGTGATTCTCC,59.89,60.18,251,TGTTTCTGCTTCTCGGCTGT,GGCGGGTACTGGTGATTCTC,59.89,60.18,252,TGTTTCTGCTTCTCGGCTGT,GAGGCGGGTACTGGTGATTC,59.89,60.18,254
ENST00000397128,GRCh38,5,N,CCATGCGCAGACTCAGTTCC,TGG,+,1/9,15,40798175,0,TGTTTCTGCTTCTCGGCTGT,GCGGGTACTGGTGATTCTCC,59.89,60.18,251,TGTTTCTGCTTCTCGGCTGT,GGCGGGTACTGGTGATTCTC,59.89,60.18,252,TGTTTCTGCTTCTCGGCTGT,GAGGCGGGTACTGGTGATTC,59.89,60.18,254
ENST00000517671,GRCh38,5,C,TTCAAGATCTCTGGCAGTGG,AGG,+,11/11,21,171410548,0,TTCAAGATCTCTGGCAGTGGAG,AACCAAGCAAAGGGTGGAGT,59.76,59.74,240,TTCAAGATCTCTGGCAGTGGA,AACCAAGCAAAGGGTGGAGT,58.74,59.74,240,CAAGATCTCTGGCAGTGGAGG,AAAACCAAGCAAAGGGTGGAG,60.13,59.24,240
ENST00000517671,GRCh38,5,C,CTATTCAAGATCTCTGGCAG,TGG,+,11/11,18,171410545,0,TTCAAGATCTCTGGCAGTGGAG,AACCAAGCAAAGGGTGGAGT,59.76,59.74,240,TTCAAGATCTCTGGCAGTGGA,AACCAAGCAAAGGGTGGAGT,58.74,59.74,240,CAAGATCTCTGGCAGTGGAGG,AAAACCAAGCAAAGGGTGGAG,60.13,59.24,240
ENST00000351193,GRCh38,3,N,ATACAGAACGATGGAGTATA,TGG,+,1/15,7,161222021,0,AGAGAGACTGGAGGAAGACGT,CACCCTCAAGCGTTCTCCAT,59.65,60.04,250,AGAGAGACTGGAGGAAGACGT,CTTTCCCACCCACCCTCAAG,59.65,60.25,260,AGAGAGACTGGAGGAAGACGT,ATACGCTCTTTCCCACCCAC,59.65,59.75,267
ENST00000351193,GRCh38,3,N,GTGTCCAGGGCTGCGGTCGG,TGG,-,1/15,25,161222039,0,AGAGAGACTGGAGGAAGACGT,CACCCTCAAGCGTTCTCCAT,59.65,60.04,250,AGAGAGACTGGAGGAAGACGT,CTTTCCCACCCACCCTCAAG,59.65,60.25,260,AGAGAGACTGGAGGAAGACGT,ATACGCTCTTTCCCACCCAC,59.65,59.75,267
ENST00000274054,GRCh38,4,C,TCATTTTGGACCTTACTATT,AGG,+,8/8,447,163128902,0,TCTCTGGAAATGCATAGTCACCT,TGCCACAATACCCCTTTCCTC,59.22,59.99,251,TCTCTGGAAATGCATAGTCACCT,CCCCTTTCCTCTTCCAGTGT,59.22,58.93,241,TCTCTGGAAATGCATAGTCACCT,ACCCCTTTCCTCTTCCAGTG,59.22,58.93,242
ENST00000274054,GRCh38,4,C,GGAGATAGTAATTCTCATTT,TGG,+,8/8,433,163128916,0,TCTCTGGAAATGCATAGTCACCT,TGCCACAATACCCCTTTCCTC,59.22,59.99,251,TCTCTGGAAATGCATAGTCACCT,CCCCTTTCCTCTTCCAGTGT,59.22,58.93,241,TCTCTGGAAATGCATAGTCACCT,ACCCCTTTCCTCTTCCAGTG,59.22,58.93,242
ENST00000367142,GRCh38,1,C,AGATGAAGCCCCTTCTGGGG,AGG,+,7/7,189,205718291,0,AGCACTGAAAGCCCATGAGT,AGATGAGGAACCGGAAAGCC,59.6,59.75,244,GCACTGAAAGCCCATGAGTC,AGATGAGGAACCGGAAAGCC,59.19,59.75,243,AGCACTGAAAGCCCATGAGT,GATGAGGAACCGGAAAGCCC,59.6,60.75,243
ENST00000367142,GRCh38,1,C,CACTTTTAATCCTCCCCAGA,AGG,-,7/7,188,205718292,0,AGCACTGAAAGCCCATGAGT,AGATGAGGAACCGGAAAGCC,59.6,59.75,244,GCACTGAAAGCCCATGAGTC,AGATGAGGAACCGGAAAGCC,59.19,59.75,243,AGCACTGAAAGCCCATGAGT,GATGAGGAACCGGAAAGCCC,59.6,60.75,243
ENST00000354228,GRCh38,X,C,AAGACAAGATTAAAAAAAGC,TGG,-,10/10,2,119616741,0,GCTTGCAGTTTGAGGGGAGA,CCCAGCAATGACCCCCATTT,60.25,60.62,279,TTGCAGTTTGAGGGGAGAGG,CCCAGCAATGACCCCCATTT,59.6,60.62,277,GCTTGCAGTTTGAGGGGAGA,CCAGCAATGACCCCCATTTC,60.25,59.17,278
ENST00000379719,GRCh38,11,C,GAGATAACTCAATTCATCCC,TGG,-,25/25,89,9445186,0,CAATTTTGGAGGCCCAGCAC,TAAGGTACCTCCCATCCCCC,60.04,59.73,251,TCAATTTTGGAGGCCCAGCA,TAAGGTACCTCCCATCCCCC,60.18,59.73,252,GCTCCAGTTGTGCCAAGTTC,TAAGGTACCTCCCATCCCCC,59.69,59.73,274
ENST00000379719,GRCh38,11,C,ATTTTGGAGGCCCAGCACCA,GGG,+,25/25,83,9445180,0,CAATTTTGGAGGCCCAGCAC,TAAGGTACCTCCCATCCCCC,60.04,59.73,251,TCAATTTTGGAGGCCCAGCA,TAAGGTACCTCCCATCCCCC,60.18,59.73,252,GCTCCAGTTGTGCCAAGTTC,TAAGGTACCTCCCATCCCCC,59.69,59.73,274
ENST00000297540,GRCh38,5,C,AGTTGATCATTCTCATGATT,TGG,+,5/5,253,126624828,0,GCCTTGGCCTCTCTTGATGA,TCAATTGCATTCCTTTCCACACA,59.75,59.36,264,TGACACGAATGAGGCCTTGG,TCAATTGCATTCCTTTCCACACA,60.32,59.36,277,GCCTTGGCCTCTCTTGATGA,CAATTGCATTCCTTTCCACACA,59.75,58.01,263
ENST00000297540,GRCh38,5,C,ATGAGAATGATCAACTTCAA,TGG,-,5/5,235,126624810,0,GCCTTGGCCTCTCTTGATGA,TCAATTGCATTCCTTTCCACACA,59.75,59.36,264,TGACACGAATGAGGCCTTGG,TCAATTGCATTCCTTTCCACACA,60.32,59.36,277,GCCTTGGCCTCTCTTGATGA,CAATTGCATTCCTTTCCACACA,59.75,58.01,263
ENST00000252512,GRCh38,8,N,CAAAATGGCGGATCATGTGC,AGG,+,1/28,13,21919784,0,CCGGAGAGGAGCATGAATGG,TGGGAGGGGACGGAGAAG,60.25,59.96,247,CCGGAGAGGAGCATGAATGG,GTGGGAGGGGACGGAGAA,60.25,60.28,248,CCGGAGAGGAGCATGAATGG,GTGGGAGGGGACGGAGAAG,60.25,61.36,248
ENST00000252512,GRCh38,8,N,GCGGATCATGTGCAGGTGAG,AGG,+,1/28,20,21919791,0,CCGGAGAGGAGCATGAATGG,TGGGAGGGGACGGAGAAG,60.25,59.96,247,CCGGAGAGGAGCATGAATGG,GTGGGAGGGGACGGAGAA,60.25,60.28,248,CCGGAGAGGAGCATGAATGG,GTGGGAGGGGACGGAGAAG,60.25,61.36,248
ENST00000420993,GRCh38,22,N,CCTCCCGGACATGGAGGACG,TGG,+,1/20,7,50508345,0,GTTCCCTCCCGGACATGGA,GAGCGCCAGATAGCCATAGG,60.99,60.11,240,CGTTCCCTCCCGGACATG,GAGCGCCAGATAGCCATAGG,59.81,60.11,241,GTTCCCTCCCGGACATGGA,CAGAGCGCCAGATAGCCATA,60.99,59.39,242
ENST00000420993,GRCh38,22,N,CCCGGACATGGAGGACGTGG,AGG,+,1/20,10,50508348,0,GTTCCCTCCCGGACATGGA,GAGCGCCAGATAGCCATAGG,60.99,60.11,240,CGTTCCCTCCCGGACATG,GAGCGCCAGATAGCCATAGG,59.81,60.11,241,GTTCCCTCCCGGACATGGA,CAGAGCGCCAGATAGCCATA,60.99,59.39,242
ENST00000595090,GRCh38,19,C,TCCAACTCAGGAGGTGTCCA,TGG,-,15/15,15,49015832,0,TGACCATGTGGCCTTCCTTC,CCTTCCAAGTCCATCCCGAC,59.96,60.11,265,CTGACCATGTGGCCTTCCTT,CCTTCCAAGTCCATCCCGAC,59.96,60.11,266,TGACCATGTGGCCTTCCTTC,CAAGTCCATCCCGACTCCTG,59.96,59.82,260
ENST00000595090,GRCh38,19,C,CCCCACAGAAGGCGAGACCA,TGG,+,15/15,9,49015826,0,TGACCATGTGGCCTTCCTTC,CCTTCCAAGTCCATCCCGAC,59.96,60.11,265,CTGACCATGTGGCCTTCCTT,CCTTCCAAGTCCATCCCGAC,59.96,60.11,266,TGACCATGTGGCCTTCCTTC,CAAGTCCATCCCGACTCCTG,59.96,59.82,260
ENST00000396394,GRCh38,11,C,CTTATCACTTAATGTTCCAT,TGG,-,10/10,48,14505201,0,TGTTCCATTGGTTCATCAGCC,TCAAATCATGAGCACTCAAGGAGA,58.83,60.02,246,TGTTCCATTGGTTCATCAGCCT,TCAAATCATGAGCACTCAAGGAGA,60.23,60.02,246,TGTTCCATTGGTTCATCAGCC,CAAATCATGAGCACTCAAGGAGA,58.83,58.74,245
ENST00000396394,GRCh38,11,C,AGAAAAGGCTGATGAACCAA,TGG,+,10/10,43,14505206,0,TGTTCCATTGGTTCATCAGCC,TCAAATCATGAGCACTCAAGGAGA,58.83,60.02,246,TGTTCCATTGGTTCATCAGCCT,TCAAATCATGAGCACTCAAGGAGA,60.23,60.02,246,TGTTCCATTGGTTCATCAGCC,CAAATCATGAGCACTCAAGGAGA,58.83,58.74,245
ENST00000345990,GRCh38,5,N,GGAAAATAAAAAGAAAGACA,AGG,+,1/12,19,123545683,0,ACAATACCCTGTTTCAGTGTGC,TCGTAATTCTCCAAAATTGCCACA,59.12,59.48,240,CACAATACCCTGTTTCAGTGTGC,TCGTAATTCTCCAAAATTGCCACA,60.3,59.48,241,ACAATACCCTGTTTCAGTGTGC,TCGTAATTCTCCAAAATTGCCAC,59.12,57.95,240
ENST00000345990,GRCh38,5,N,GGACAAATCAGATGATAGAA,TGG,+,1/12,40,123545704,0,ACAATACCCTGTTTCAGTGTGC,TCGTAATTCTCCAAAATTGCCACA,59.12,59.48,240,CACAATACCCTGTTTCAGTGTGC,TCGTAATTCTCCAAAATTGCCACA,60.3,59.48,241,ACAATACCCTGTTTCAGTGTGC,TCGTAATTCTCCAAAATTGCCAC,59.12,57.95,240
ENST00000299300,GRCh38,12,C,GTGGGAATGCTTAACAGGGG,TGG,-,16/16,24,69601319,0,AACGTGTCCCTGATCACCAC,TGCACAGTATGAGAAATGAACTTT,59.97,57.12,250,AACGTGTCCCTGATCACCAC,TGCACAGTATGAGAAATGAACTTTT,59.97,57.72,250,AACGTGTCCCTGATCACCAC,ATGCACAGTATGAGAAATGAACTTT,59.97,57.54,251
ENST00000299300,GRCh38,12,C,GCTTAACAGGGGTGGTGATC,AGG,-,16/16,16,69601311,0,AACGTGTCCCTGATCACCAC,TGCACAGTATGAGAAATGAACTTT,59.97,57.12,250,AACGTGTCCCTGATCACCAC,TGCACAGTATGAGAAATGAACTTTT,59.97,57.72,250,AACGTGTCCCTGATCACCAC,ATGCACAGTATGAGAAATGAACTTT,59.97,57.54,251
ENST00000374206,GRCh38,9,C,AATAATCGTTCATCTCAATT,TGG,+,2/2,155,113267285,0,TTGTCTCTGCAGGAGGTACA,GGAGGCAGTGATGGAGAAGG,57.99,59.82,260,GCAGGAGGTACATTCTGCTTG,GGAGGCAGTGATGGAGAAGG,58.99,59.82,252,AGGTACATTCTGCTTGACTGCA,GGAGGCAGTGATGGAGAAGG,59.96,59.82,247
ENST00000374206,GRCh38,9,C,AAATTGAGATGAACGATTAT,TGG,-,2/2,142,113267298,0,GCAGGAGGTACATTCTGCTTG,GGAGGCAGTGATGGAGAAGG,58.99,59.82,252,AGGTACATTCTGCTTGACTGCA,GGAGGCAGTGATGGAGAAGG,59.96,59.82,247,GCAGGAGGTACATTCTGCTTG,GCAGTGATGGAGAAGGAGCC,58.99,60.46,248
ENST00000219473,GRCh38,16,C,GGGTTTACAGCAGGTCCACT,CGG,-,14/14,175,84779070,0,CGCATCGATGACCAGACAGT,ACAGAAGCTGTGTTGTGCAC,60.18,59.27,279,GGCGGCCATTACACTACAGA,CCACTAAAGAGAGGCGGGAA,59.82,59.1,240,CGCATCGATGACCAGACAGT,CACGAACCCCAAGGCATCT,60.18,60.0,262
ENST00000219473,GRCh38,16,C,TTTACAGCAGGTCCACTCGG,CGG,-,14/14,172,84779067,0,CGCATCGATGACCAGACAGT,ACAGAAGCTGTGTTGTGCAC,60.18,59.27,279,GGCGGCCATTACACTACAGA,CCACTAAAGAGAGGCGGGAA,59.82,59.1,240,CGCATCGATGACCAGACAGT,CACGAACCCCAAGGCATCT,60.18,60.0,262
ENST00000634702,GRCh38,2,N,GTCCACCAGACTTTTTGCAG,GGG,-,1/30,19,101698100,0,GTCTGCGGCTGAGATACACA,CACAGGAAGACAAAGGGGCC,59.83,60.9,266,CTGGTCTGCGGCTGAGATAC,CACAGGAAGACAAAGGGGCC,60.25,60.9,269,TGCGGCTGAGATACACAGAG,CACAGGAAGACAAAGGGGCC,59.54,60.9,263
ENST00000634702,GRCh38,2,N,TGTCCACCAGACTTTTTGCA,GGG,-,1/30,20,101698101,0,GTCTGCGGCTGAGATACACA,CACAGGAAGACAAAGGGGCC,59.83,60.9,266,CTGGTCTGCGGCTGAGATAC,CACAGGAAGACAAAGGGGCC,60.25,60.9,269,TGCGGCTGAGATACACAGAG,CACAGGAAGACAAAGGGGCC,59.54,60.9,263
ENST00000353703,GRCh38,20,C,GACGAAGGAGACGCTGGGGA,GGG,+,5/5,41,44906423,0,CGGAAAACCAGGGAGACGAA,GCCGTGGCATTTATGTGACC,59.97,59.9,252,TGGACATCGGAAAACCAGGG,GCCGTGGCATTTATGTGACC,59.96,59.9,259,AACCAGGGAGACGAAGGAGA,GCCGTGGCATTTATGTGACC,59.89,59.9,247
ENST00000353703,GRCh38,20,C,AGACGAAGGAGACGCTGGGG,AGG,+,5/5,40,44906422,0,CGGAAAACCAGGGAGACGAA,GCCGTGGCATTTATGTGACC,59.97,59.9,252,TGGACATCGGAAAACCAGGG,GCCGTGGCATTTATGTGACC,59.96,59.9,259,AACCAGGGAGACGAAGGAGA,GCCGTGGCATTTATGTGACC,59.89,59.9,247
ENST00000378954,GRCh38,2,N,TCGGTACAAGATGGCGGAGG,GGG,+,1/13,7,38377254,0,CGTGGACGAGACGTGGTTAA,AGGAGATACAGGCGGAGGG,60.04,60.15,249,CGTGGACGAGACGTGGTTAA,AGGAGATACAGGCGGAGGG,60.04,60.15,270,CGTGGACGAGACGTGGTTAA,GGGAGGGCGAGGAGATACA,60.04,60.15,279
ENST00000378954,GRCh38,2,N,CAAGATGGCGGAGGGGGACG,AGG,+,1/13,13,38377248,0,CGTGGACGAGACGTGGTTAA,AGGAGATACAGGCGGAGGG,60.04,60.15,249,CGTGGACGAGACGTGGTTAA,AGGAGATACAGGCGGAGGG,60.04,60.15,270,CGTGGACGAGACGTGGTTAA,GGGAGGGCGAGGAGATACA,60.04,60.15,279
ENST00000216297,GRCh38,14,C,CTGCACCCCCCAAGAAAAAG,AGG,+,26/26,134,21352685,0,AAATGGCCCCCTAAACCCAT,CGAAGTATGAGCCGGAAGAGG,59.28,60.27,242,AAATGGCCCCCTAAACCCAT,GTCGAAGTATGAGCCGGAAGA,59.28,59.6,244,AAATGGCCCCCTAAACCCAT,AGTCGAAGTATGAGCCGGAAG,59.28,59.59,245
ENST00000216297,GRCh38,14,C,AAGTTACTTCCTCTTTTTCT,TGG,-,26/26,132,21352687,0,GGCCCCCTAAACCCATAAACA,GTCGAAGTATGAGCCGGAAGA,59.99,59.6,240,TGGCCCCCTAAACCCATAAAC,GTCGAAGTATGAGCCGGAAGA,59.99,59.6,241,GGCCCCCTAAACCCATAAACA,AGTCGAAGTATGAGCCGGAAG,59.99,59.59,241
ENST00000258729,GRCh38,7,N,ACAATGAACAAACTGTATAT,CGG,+,1/15,14,23470097,0,CGTAGCCAGTCTTCACCAGG,TCCTCGTTCTTGTGCTTGGT,60.11,59.53,270,CGTAGCCAGTCTTCACCAGG,TCACTCCTCGTTCTTGTGCT,60.11,58.96,274,CGTAGCCAGTCTTCACCAGG,TCCTCGTTCTTGTGCTTGGTT,60.11,60.13,270
ENST00000258729,GRCh38,7,N,AGGGGGCGGCGTTCTCGCTG,AGG,-,1/15,29,23470082,0,CGTAGCCAGTCTTCACCAGG,TCCTCGTTCTTGTGCTTGGT,60.11,59.53,270,CGTAGCCAGTCTTCACCAGG,TCACTCCTCGTTCTTGTGCT,60.11,58.96,274,CGTAGCCAGTCTTCACCAGG,TCCTCGTTCTTGTGCTTGGTT,60.11,60.13,270
ENST00000302182,GRCh38,17,N,ATCTTCGTGAAAACCCTTAC,CGG,+,1/1,23,16381931,0,ATGATCCTGAGGTGACACGC,AGGGTCGACTCCTTCTGGAT,59.82,59.66,248,GATCCTGAGGTGACACGCTT,AGGGTCGACTCCTTCTGGAT,59.75,59.66,246,ATGATCCTGAGGTGACACGC,GGGTCGACTCCTTCTGGATG,59.82,59.54,247
ENST00000302182,GRCh38,17,N,GGTGATGGTCTTGCCGGTAA,GGG,-,1/1,25,16381933,0,ATGATCCTGAGGTGACACGC,AGGGTCGACTCCTTCTGGAT,59.82,59.66,248,GATCCTGAGGTGACACGCTT,AGGGTCGACTCCTTCTGGAT,59.75,59.66,246,ATGATCCTGAGGTGACACGC,GGGTCGACTCCTTCTGGATG,59.82,59.54,247
ENST00000485972,GRCh38,7,C,CTCCGACTTCTGTCCGCCCT,AGG,+,12/12,82,151054014,0,GAGAAATTCGGGCTCAGGCA,TGAACCTGCCACCTCCTTTC,60.39,59.89,263,GAGAAATTCGGGCTCAGGCA,CTGAACCTGCCACCTCCTTT,60.39,59.89,264,GAGAAATTCGGGCTCAGGCA,TCCCCCATCTCCAGAACCTT,60.39,59.88,245
ENST00000485972,GRCh38,7,C,GGCCTAGGGCGGACAGAAGT,CGG,-,12/12,73,151054023,0,GCGGACAGAAGTCGGAGAAG,CGTCGTGCCCAAACTCAATG,60.46,60.11,241,CCACTGTCTCACCCCTCTCA,TAGAGGGTGGGTCAGGACAC,60.54,60.25,261,CCACTGTCTCACCCCTCTCA,GTAGAGGGTGGGTCAGGACA,60.54,60.25,262
ENST00000314400,GRCh38,3,C,GATGATATTTTTGCTTTAAT,GGG,+,9/9,456,113005549,0,TGAACTCCTGTGCAATGCTG,TGAAACTGATTCGTGGACGGT,58.76,59.93,240,ATGAACTCCTGTGCAATGCTG,TGAAACTGATTCGTGGACGGT,59.18,59.93,241,TGAACTCCTGTGCAATGCTG,TGAAACTGATTCGTGGACGG,58.76,58.21,240
ENST00000314400,GRCh38,3,C,TGATGATATTTTTGCTTTAA,TGG,+,9/9,455,113005550,0,TGAACTCCTGTGCAATGCTG,TGAAACTGATTCGTGGACGGT,58.76,59.93,240,ATGAACTCCTGTGCAATGCTG,TGAAACTGATTCGTGGACGGT,59.18,59.93,241,TGAACTCCTGTGCAATGCTG,TGAAACTGATTCGTGGACGG,58.76,58.21,240
ENST00000374518,GRCh38,10,C,GTCCAAAGGCTCACTGCAAT,TGG,-,22/22,224,42831090,0,AGGAGGAGGAGGAGAAGCTG,TCTCTGTTCCTCCTCCTGCA,60.03,59.88,273,AGCAGAAGGAGGAGGAGGAG,TCTCTGTTCCTCCTCCTGCA,60.03,59.88,279,GGAGGAGGAGGAGAAGCTGA,TCTCTGTTCCTCCTCCTGCA,60.03,59.88,272
ENST00000374518,GRCh38,10,C,TCCAGTTTGAAGGGGGCTGA,GGG,+,22/22,212,42831078,0,AGGAGGAGGAGGAGAAGCTG,TCTCTGTTCCTCCTCCTGCA,60.03,59.88,273,AGCAGAAGGAGGAGGAGGAG,TCTCTGTTCCTCCTCCTGCA,60.03,59.88,279,GGAGGAGGAGGAGAAGCTGA,TCTCTGTTCCTCCTCCTGCA,60.03,59.88,272
ENST00000394456,GRCh38,19,C,CACTTCTCCCTCAAGGAGTG,AGG,+,13/13,201,6380285,0,CAAGCAGGATGTCGAAGGGT,CAAGAAGACAGGGCTGAGCA,60.04,59.96,260,CCTGAAGTTCTGGAGGGCAG,GCCCATGACCACTAAGGACC,60.04,60.11,270,GTCGAAGGGTCACTGAGAGC,CAAGAAGACAGGGCTGAGCA,60.11,59.96,250
ENST00000394456,GRCh38,19,C,GGACCAAGCCTCACTCCTTG,AGG,-,13/13,198,6380288,0,CAAGCAGGATGTCGAAGGGT,CAAGAAGACAGGGCTGAGCA,60.04,59.96,260,CCTGAAGTTCTGGAGGGCAG,GCCCATGACCACTAAGGACC,60.04,60.11,270,GTCGAAGGGTCACTGAGAGC,CAAGAAGACAGGGCTGAGCA,60.11,59.96,250
ENST00000217958,GRCh38,X,C,ATACTCAAGAGAATGGTGGA,AGG,+,5/5,144,108084984,0,GTTTGTAGGACACTGGGGACA,ATTGGTCTCTGGTGGTCCCT,59.58,60.18,241,AGTTTGTAGGACACTGGGGAC,ATTGGTCTCTGGTGGTCCCT,59.3,60.18,242,TTTGTAGGACACTGGGGACA,ATTGGTCTCTGGTGGTCCCT,58.19,60.18,240
ENST00000217958,GRCh38,X,C,TTTAATACTCAAGAGAATGG,TGG,+,5/5,140,108084988,0,GTTTGTAGGACACTGGGGACA,ATTGGTCTCTGGTGGTCCCT,59.58,60.18,241,AGTTTGTAGGACACTGGGGAC,ATTGGTCTCTGGTGGTCCCT,59.3,60.18,242,TTTGTAGGACACTGGGGACA,ATTGGTCTCTGGTGGTCCCT,58.19,60.18,240
ENST00000553116,GRCh38,12,N,AGCTGTGCTTCTGCTAGTCA,TGG,-,1/5,4,55986965,0,GAAGCCTGGAAATCCCCTCC,AAGGCACTCACCTCCAATGG,60.11,59.96,259,GAAGCCTGGAAATCCCCTCC,CCAAGGCACTCACCTCCAAT,60.11,59.96,261,GAAGCCTGGAAATCCCCTCC,CTCCAATGGTGCTCTCCTGG,60.11,60.11,248
ENST00000553116,GRCh38,12,N,TGACTAGCAGAAGCACAGCT,AGG,+,1/5,18,55986979,0,GAAGCCTGGAAATCCCCTCC,AAGGCACTCACCTCCAATGG,60.11,59.96,259,GAAGCCTGGAAATCCCCTCC,CCAAGGCACTCACCTCCAAT,60.11,59.96,261,GAAGCCTGGAAATCCCCTCC,CTCCAATGGTGCTCTCCTGG,60.11,60.11,248
ENST00000361564,GRCh38,4,N,CGAGCACTAAGAACGGGACA,CGG,-,1/4,20,108650676,0,AACCACCTCCGAGCTTTACG,CCGAGTTACCTCCGGTGATG,60.04,59.9,275,GATCTGCGGGTCCTTTCCTC,CCGAGTTACCTCCGGTGATG,60.18,59.9,255,AACCACCTCCGAGCTTTACG,CCACCACCAGAGCATACACA,60.04,59.68,242
ENST00000361564,GRCh38,4,N,GACATTCGAGCACTAAGAAC,GGG,-,1/4,26,108650682,0,GATCTGCGGGTCCTTTCCTC,CCGAGTTACCTCCGGTGATG,60.18,59.9,255,CTTTACGGATCTGCGGGTCC,CCGAGTTACCTCCGGTGATG,60.53,59.9,262,GAGCTTTACGGATCTGCGGG,CCGAGTTACCTCCGGTGATG,60.88,59.9,265
ENST00000345046,GRCh38,X,C,TGGACAAGAAGGAAGAGTAA,GGG,+,7/7,36,153700940,0,AAGTACTGGAGGGAGAGGCC,GGGCCCCTTGTTCACTTGAA,60.33,60.47,264,GTGGAAGGGAATGGGGGAAG,GCTGTTGTTAGGAGAGAGGGG,60.03,59.79,279,AGCAGAAGGGCACAAACAGA,GCTGTTGTTAGGAGAGAGGGG,59.82,59.79,261
ENST00000345046,GRCh38,X,C,ATGGACAAGAAGGAAGAGTA,AGG,+,7/7,35,153700941,0,AAGTACTGGAGGGAGAGGCC,GGGCCCCTTGTTCACTTGAA,60.33,60.47,264,GTGGAAGGGAATGGGGGAAG,GCTGTTGTTAGGAGAGAGGGG,60.03,59.79,279,AGCAGAAGGGCACAAACAGA,GCTGTTGTTAGGAGAGAGGGG,59.82,59.79,261
ENST00000345519,GRCh38,9,N,GAACGGATCCAGCTCAGCCA,TGG,-,1/5,4,36191061,0,CTTCCGCTTTACCCGTCTCC,CAATCTCGCTCTCTTGCTGC,60.46,59.35,269,CTTCCGCTTTACCCGTCTCC,GCAATCTCGCTCTCTTGCTG,60.46,59.35,270,GTAGGGCTTCCGCTTTACCC,CAATCTCGCTCTCTTGCTGC,60.46,59.35,275
ENST00000345519,GRCh38,9,N,GTTGCCCGCCATGGCTGAGC,TGG,+,1/5,7,36191064,0,CTTCCGCTTTACCCGTCTCC,CAATCTCGCTCTCTTGCTGC,60.46,59.35,269,CTTCCGCTTTACCCGTCTCC,GCAATCTCGCTCTCTTGCTG,60.46,59.35,270,TTGTCCTCCTCTCCCAGTCG,TTCTCGATGCCCGCAATCTC,60.61,60.53,252