ID,chr,transcript_type,name,terminus,gRNA_seq,PAM,gRNA_start,gRNA_end,distance_between_cut_and_edit,CFD_score,specificity_weight,distance_weight,position_weight,cfd1,cfd2,cfd3,cfd4,cfd_scan,max_of_cfd4_cfdScan,final_weight,ssODN
ENST00000398165,21,protein_coding,CBS-204,N,GGGGGTCTCAGAAGGCATGC,TGG,43072176,43072198,2,79,1.000000,0.964290,1.000000,0.964290,0.000139,0.000139,0.000139,0.000139,0.003216,0.003216,CGCCTCCCAGAGGGGGCCGGGTCAGCAGGGTTCGCTGGAACCCCACAGCATCCGAGCCTGAACCGACGCCTCTCTCCTTGCTTTGCCAGGTCCCAGCATGACCGAGCTCAACTTCAAGGAGTGGCAAAAGGCCTTTACCGATATGATGGGTGGCGGATTGGAAGTTTTGTTTCAAGGTCCAGGAAGTGGTCCTTCTGAGACCCCCCAGGCAGAAGTGGGGCCCACAGGCTGCCCCCACCGCTCAGGGCCACACTCGGCGAAGGGGAGCCTGGAGAAGGGGTCCCCAGAGG
ENST00000361915,1,protein_coding,AGL-203,C,AAGAATAGTAGCAATTGACC,AGG,99921630,99921608,-35,77,1.000000,0.000015,1.000000,0.000015,0.010990,0.010990,0.010990,0.010990,0.000342,0.010990,TTTTAAAACAACTTGAGCCTGTGCATATAAGGCATTTACATATGATGACCTTGCATCCTATAATACAAGTAATTGCATACTTAATATCTGTAATAAACTACATCATATCGGTAAAGGCCTTTTGCCACTCCTTGAAGTTGAGCTCGGTACCACTTCCTGGACCTTGAAACAAAACTTCCAATCCGCCACCaAggTCgTAcAagGTtTCcAagATgGTgGCgATactCCAGGCTTGTGTTTCACAGCTGAAAGGACAGTACTGGGCATTCTCATTGGTCAGTTCTGGAAGT
ENST00000305321,16,protein_coding,BOLA2B-201,C,CACGTGAGCGACAGAAATGA,GGG,30192994,30192972,0,78,1.000000,1.000000,1.000000,1.000000,0.000000,0.000000,0.000000,0.000000,0.004444,0.004444,CAGGCTGGTGAACGCGTGCCTAGCAGAAGAGCTCCCGCACATCCATGCCTTTGAACAGAAAACCCTGACCCCAGACCAGTGGGCACGTGAGCGACAGAAAGGTGGCGGATTGGAAGTTTTGTTTCAAGGTCCAGGAAGTGGTACCGAGCTCAACTTCAAGGAGTGGCAAAAGGCCTTTACCGATATGATGTGAGGGACTGGGATCTGCACAGCCATTAAATTATAAATCTGGACCAGCTTCTGTGTCGATGTGTGTgtgggaggggtgctgaggccgagtctaggacctg
ENST00000344924,7,protein_coding,BPGM-201,C,AAATAGTCTTTCTCAACTGT,TGG,134679026,134679048,14,75,1.000000,0.168332,1.000000,0.168332,0.444444,0.000000,0.000000,0.000000,0.000888,0.000888,GCGTGCTGTTGGGCCTCATCAGTTCCTGGGTGACCAAGAGGCGATCCAAGCAGCCATTAAGAAAGTAGAAGATCAAGGAAAAGTGAAACAAGCTAAAAAAGGTGGCGGATTGGAAGTTTTGTTTCAAGGTCCAGGAAGTGGTACCGAGCTCAACTTCAAGGAGTGGCAAAAGGCCTTTACCGATATGATGTAGTCTTTCTCAACTGTTccCTAAGAAGAAATGCAAAAGAAGTGGCATAGGAGTGTGTTATGGGTGCTGAACTCTCTCTCTTTTTCCCCGATTTTCCAGA
ENST00000392066,2,protein_coding,ACSL3-202,C,AGAAAATAATTATTCTCTTC,TGG,222941646,222941668,11,66,1.000000,0.332871,1.000000,0.332871,0.101010,0.000000,0.000000,0.000000,0.000543,0.000543,GACCCCTGAAACTGGTCTGGTGACAGATGCCTTCAAGCTGAAACGCAAAGAGCTTAAAACACATTACCAGGCGGACATTGAGCGAATGTATGGAAGAAAAGGTGGCGGATTGGAAGTTTTGTTTCAAGGTCCAGGAAGTGGTACCGAGCTCAACTTCAAGGAGTGGCAAAAGGCCTTTACCGATATGATGTAATTATTCTCTTCTccCATCAGTTTGCTACAGTGAGCTCAGATCAAATAGGAAAATACTTGAAATGCATGTCTCAAGCTGCAAGGCAAACTCCATTCCT
ENST00000455895,1,protein_coding,BSDC1-206,C,AGATGTAGAGTGGGAGGACT,GGG,32366649,32366627,8,75,1.000000,0.558881,1.000000,0.558881,0.461538,0.461538,0.196753,0.196753,0.000597,0.196753,AGGTTAGGTCTGGGCCTGACTCAGGAGTAACTATGTGTTTGTGATTTCCATTACCCCCTCCCATTTGCAGCTGGAAGAcGTgGAaTGGGAaGAtTGGGAaGGTGGCGGATTGGAAGTTTTGTTTCAAGGTCCAGGAAGTGGTACCGAGCTCAACTTCAAGGAGTGGCAAAAGGCCTTTACCGATATGATGTGAGGGAGCCAGAGGGAGCAGCTCCCCCACCCATGGCATCTCTCGCCTCCCTCGCTCGTCTCAGCCCAGCCCTGGAAGACTGAGAATGTTCCCCCAAATC
ENST00000643116,19,protein_coding,AP3D1-213,C,CGCAGGCAGCTCTCAACACT,TGG,2102161,2102183,2,90,1.000000,0.964290,1.000000,0.964290,0.000344,0.000344,0.000344,0.000344,0.000683,0.000683,TACACAGGGTGAGAACTCTGTCTCAGTCGACGGGAAGTGCAGTGACTCCACGCTACTGAGCAACTTGTTAGAAGAGATGAAGGCGACGCTGGCCAAGTGcGGTGGCGGATTGGAAGTTTTGTTTCAAGGTCCAGGAAGTGGTACCGAGCTCAACTTCAAGGAGTGGCAAAAGGCCTTTACCGATATGATGTGAGAGCTGCCTGCGAGCCCCGCACCACCCCGCGGAGCACGTACCCAGGGACCGCAGCCCTGACGTGTCTCGCCTCTCCTCAGTCGTGTGTACTGTACCC
ENST00000008527,12,protein_coding,CRY1-201,C,CCAGAGACAGAGCACTAATT,AGG,106992808,106992786,2,85,1.000000,0.964290,1.000000,0.964290,0.000003,0.000003,0.000003,0.000003,0.001897,0.001897,AAGAAGCTCCATGGGCACTGGTCTCAGTGGTGGGAAACGTCCTAGTCAGGAAGAGGACACACAGAGTATTGGTCCTAAAGTCCAGAGACAGAGCACTAAcGGTGGCGGATTGGAAGTTTTGTTTCAAGGTCCAGGAAGTGGTACCGAGCTCAACTTCAAGGAGTGGCAAAAGGCCTTTACCGATATGATGTAGGTAAATATTTTAGAGCTGTATTTCTTGCTTTAGAAGAGTATATAATTAACATAAATTAAGATAATTTCAAAAATGGAGCAAATCTCTATTTTCAAAC
ENST00000361367,11,protein_coding,CTR9-201,C,TGGGTCAGATGATAGTGACT,AGG,10779084,10779106,-2,82,1.000000,0.964290,1.000000,0.964290,0.000070,0.000070,0.000070,0.000070,0.003173,0.003173,ATTTCACAATTGACTAAACATCTGAAACATTTTTATCACAGCTTTCATATATTAAAAAAGTTTCCTCCAGAGATGAAGCTTATTGATGAAATAAAACCTACATCATATCGGTAAAGGCCTTTTGCCACTCCTTGAAGTTGAGCTCGGTACCACTTCCTGGACCTTGAAACAAAACTTCCAATCCGCCACCaTCACTATCATCTGACCCATGTTCTGAGCCTCTATCTGAGGCCTCATTGTTGGATCCCTCTGGTTCCGATTCATTTCCAGAGCCTTGGCCAGAACCCTCA
ENST00000288207,15,protein_coding,CCNB2-201,C,CCCACTGATAGGAAGGTCCT,AGG,59124856,59124878,-2,84,1.000000,0.964290,1.000000,0.964290,0.000043,0.000043,0.000043,0.000043,0.001493,0.001493,CATGAGATAGACCAGAGGACTATGTACAAAATCAAGAGTTCTAAACCAATAAGAAAAAGGGCACAATGAAGCACACATCCCCAGGGGCCACGGCAGCCTACATCATATCGGTAAAGGCCTTTTGCCACTCCTTGAAGTTGAGCTCGGTACCACTTCCTGGACCTTGAAACAAAACTTCCAATCCGCCACCactCCTTCCTATCAGTGGGGAGGCAAGGTCTTTGACGGCTTTTGAGTTCAGCTGAGGGATCATGCTGATCTTCAGGAGTTTGCTGCTTGCATACTTATTC
ENST00000323959,11,protein_coding,CSTF3-201,C,CAGCAGAAGCGGATTCGGTA,GGG,33085107,33085085,1,95,1.000000,0.990950,1.000000,0.990950,0.000023,0.000023,0.000023,0.000023,0.020334,0.020334,CAAAAGGCCCAACGAGGATTCAGATGAAGATGAAGAAAAGGGAGCCGTTGTCCCCCCTGTTCATGACATTTACAGAGCACGGCAaCAaAAaaGaATccGgGGTGGCGGATTGGAAGTTTTGTTTCAAGGTCCAGGAAGTGGTACCGAGCTCAACTTCAAGGAGTGGCAAAAGGCCTTTACCGATATGATGTAGGGTTTTAAACGCCTCTGCAGAAAACTCCTGTCCAGGATTCCTTTTGCCTCAAGTGGTATGTTTAAAAGAGACAACGCTTTGTTACAAGGTTCTTGGA
ENST00000489081,3,protein_coding,CMSS1-205,N,TAGAGCAACATCGGAATGCA,TGG,100114974,100114996,-1,92,1.000000,0.990950,1.000000,0.990950,0.000027,0.000027,0.000027,0.000027,0.006764,0.006764,AGATGCTTCAAATTTTAGCAATCCTAAGTATGAAGGTTTTCTTAACACTTGAATAATATAAAACAAAATGTCAAATAATAATAATAAACATACCACCATGACCACTTCCTGGACCTTGAAACAAAACTTCCAATCCGCCACCCATCATATCGGTAAAGGCCTTTTGCCACTCCTTGAAGTTGAGCTCGGTCATTCCGATGTTGCTCTAGAGTTTCCTCAGCACTTTGCCCTCGTGTCTCCTGTGACACTAAATGGAACAGGCAGGCATTCAAGTTTGAGTCCAACACAGC
ENST00000453996,16,protein_coding,CTU2-202,C,CACGTCCTCACGCTCAGCTC,TGG,88715264,88715242,-1,90,1.000000,0.990950,1.000000,0.990950,0.000000,0.000000,0.000000,0.000000,0.000181,0.000181,GGACAATCAGAGGCCAGTCCCCCGTCCTTGCCTTCCGGCTCCAGTGTGGTGTACCAGGTGGCCACTGCCTGCTGTCCCGGCAAGCACGTCCTCACGCTCACATCATATCGGTAAAGGCCTTTTGCCACTCCTTGAAGTTGAGCTCGGTACCACTTCCTGGACCTTGAAACAAAACTTCCAATCCGCCACCagaCTGGCCCGCCTCGTCGTCACTGTCCTCAATCAGACAGTCCCGGATCTCCTGCAAGCCCCAGGCCCTAGAGAGAAAGCTGCAGTGGGCACCAGCCCCG
ENST00000533244,11,protein_coding,CCS-208,C,GGTGAGGTCCTGCTCAAAGG,TGG,66605868,66605846,-1,88,1.000000,0.990950,1.000000,0.990950,0.000000,0.000000,0.000000,0.000000,0.000646,0.000646,TCTCCAAAGACTGGGCAGGCAAAGTCCCTCTGGCCCCCTCTGGAAGTGGAAAGTGCTCGCCCTGGAGGACAGCAACAGAGCCAAGGTGAGGTCCTGCTCACATCATATCGGTAAAGGCCTTTTGCCACTCCTTGAAGTTGAGCTCGGTACCACTTCCTGGACCTTGAAACAAAACTTCCAATCCGCCACCcAaGTGGGCAGGGGGCTGCGCTGACTCCTTTCGGCCCTTGCCAGCGATGGGCCGGCCTCGCTCCTCCCAGATGGTGAGGCCATCGCAAGAGCAGATCTGC
ENST00000221232,19,protein_coding,CNOT3-201,C,GGAGGGGCCGGTGTCACTGG,AGG,54155420,54155398,-1,72,1.000000,0.990950,1.000000,0.990950,0.000000,0.000000,0.000000,0.000000,0.000688,0.000688,GCTTGGGGCCTCCCTCCAGTCTTCCAGGGCAGGGCCCTCACCTGGGCAGGGGGATCAGCATGCGGGGGAAGGGGGTGGGTAGAGGGAGGGGCCGGTGTCACATCATATCGGTAAAGGCCTTTTGCCACTCCTTGAAGTTGAGCTCGGTACCACTTCCTGGACCTTGAAACAAAACTTCCAATCCGCCACCtTGGAGGTCCCGGTCCTCCAGGTAGCGGTACTCAAAGGTGAAGCCTTCCTTCTTCCGCTGGCCCCACTTCTCGTAGTCAAAGTAGATGTAGGTGCCCTGG
ENST00000422424,16,protein_coding,CIAO2B-201,N,GGTGGTGGTTCCGCGATGGT,AGG,66934379,66934357,1,95,1.000000,0.990950,1.000000,0.990950,0.000000,0.000000,0.000000,0.000000,0.004509,0.004509,ACTCCGTCGCCACGCCACGCCCCCTTCCCGTTCTCCGGAAGTGCGCGGGTTGGAGCGGAAGCGCACGCCTGCTAGGATCAGCGGTGGTGGTTCCGCGATGACCGAGCTCAACTTCAAGGAGTGGCAAAAGGCCTTTACCGATATGATGGGTGGCGGATTGGAAGTTTTGTTTCAAGGTCCAGGAAGTGGTGTAGGCGGCGGCGGGGTCGGCGGCGGCCTCCTGGAGAATGCCAACCCCCTCATCTACCAGCGCTCTGGGGAGCGGCCTGTGACGGCAGGCGAGGAGGACG
ENST00000429586,3,protein_coding,ABCF3-203,C,CGCCGCGAAGGCTTCCTCTA,GGG,184193678,184193700,-1,97,1.000000,0.990950,1.000000,0.990950,0.000086,0.000086,0.000086,0.000086,0.007843,0.007843,TTGGGGGAAGTCCACGGCCTGGAGTGGTGGCCTACATGGTGGCCCAGGGGTCTGAGAGACCAGTCCATGTCCTGGGCGAGTCCTCAGCCTGGTGGCCCTACATCATATCGGTAAAGGCCTTTTGCCACTCCTTGAAGTTGAGCTCGGTACCACTTCCTGGACCTTGAAACAAAACTTCCAATCCGCCACCcAaGAAGCCTTCGCGGCGGAACTGTTCCTGGAGGAGGGCGCGGTACTGGTCAAATCCTCCTTCCACACGGGTGACGCCGCCTCCTTCGCATACCCACAAC
ENST00000410067,2,protein_coding,C1D-204,N,TTCCAGTCAGCCATAATGGC,AGG,68047325,68047303,1,90,1.000000,0.990950,1.000000,0.990950,0.000000,0.000000,0.000000,0.000000,0.012298,0.012298,CATGATATGACCTATTGAtttttttttttGGAAACTAAAGAACAAGCTCTGTCTCTAATATGAATTCAAAGAATTTAATTTTTTCCtcTCAGCCATAATGACCGAGCTCAACTTCAAGGAGTGGCAAAAGGCCTTTACCGATATGATGGGTGGCGGATTGGAAGTTTTGTTTCAAGGTCCAGGAAGTGGTGCAGGTGAAGAAATTAATGAAGACTATCCAGTAGAAATTCACGAGTATTTGTCAGCGTTTGAGAATTCCATTGGTGCTGTGGATGAGATGCTGAAGACCA
ENST00000361367,11,protein_coding,CTR9-201,N,CTTTTGACCCCATCATGTCG,CGG,10751399,10751421,0,93,1.000000,1.000000,1.000000,1.000000,0.000100,0.000100,0.000100,0.000100,0.004340,0.004340,GAGCCGGAGCCGTCACTCACCTCTGGATTAGCCTGAAGCGGAGACTACCGGCTGCGGAGCGGCGGGGCGAGACACTTGCTCGCCTTTTGACCCCATgATGACCGAGCTCAACTTCAAGGAGTGGCAAAAGGCCTTTACCGATATGATGGGTGGCGGATTGGAAGTTTTGTTTCAAGGTCCAGGAAGTGGTTCGCGGGGCTCCATCGAGATTCCCCTCCGGGACACTGACGAGGTAAGTGTCGTGTATGGAGGCGGGTGGGGGCCATGAACTTGTACGATCGCCCCCACCG
ENST00000376834,9,protein_coding,CARNMT1-202,C,ATCACTTGAGACCATTATTG,TGG,74983753,74983775,0,87,1.000000,1.000000,1.000000,1.000000,0.000186,0.000186,0.000186,0.000186,0.002619,0.002619,GGTGGAAAAAGAATCTGTATTGTCAACATATACTGTGAATGATCTCTCTATGATGAAATACTACTATGAATGTGTCTTGTTTGTGGTCCGTAAGCCACAAGGTGGCGGATTGGAAGTTTTGTTTCAAGGTCCAGGAAGTGGTACCGAGCTCAACTTCAAGGAGTGGCAAAAGGCCTTTACCGATATGATGTAATGGTCTCAAGTGATACCACCTGGAAAAAAGTTTAGTAAGAACAAATGCTGAAATCAACGACTCAAAATCAACTATCAGTGATGACAGGACACAACCT
ENST00000418359,12,protein_coding,CNOT2-202,N,AAGGACACGACTCTATGGTG,AGG,70278213,70278235,0,95,1.000000,1.000000,1.000000,1.000000,0.000264,0.000264,0.000264,0.000264,0.021220,0.021220,AGAGGGAGACGTGGTGGGCGGTCCTTCCTGTGACACGACCCTTGAGTGACAGTTCTATTTGATTGCCTCCGGTACTGTGAGGAAAGGACACGACTCTATGACCGAGCTCAACTTCAAGGAGTGGCAAAAGGCCTTTACCGATATGATGGGTGGCGGATTGGAAGTTTTGTTTCAAGGTCCAGGAAGTGGTGTGAGGACTGATGGACATACATTATCTGAGAAAAGAAACTACCAGGTAAGACCAGTCTTTCTTCTTTTTTCTCTATTGGTCTTATAGCTACATTGAAACT
ENST00000314103,21,protein_coding,CHAF1B-201,C,CGGAAAGTCTGGACCCTTGA,TGG,36416347,36416369,0,86,1.000000,1.000000,1.000000,1.000000,0.000000,0.000000,0.000000,0.000000,0.007017,0.007017,TAATGTTGCAGAGACGCCTGGAGACGCTCAGGGCAGTCCCCCAGAGCTAAAGCGGCCCAGACTCGATGAAAACAAAGGAGGCACGGAAAGTCTGGACCCTGGTGGCGGATTGGAAGTTTTGTTTCAAGGTCCAGGAAGTGGTACCGAGCTCAACTTCAAGGAGTGGCAAAAGGCCTTTACCGATATGATGTGATGGGACCTCGGCTTCTGCTCGAAGCCTACCAGGCTCCCGGTGTGTGCAGGGAGACGGTAAAGCTGGAGGTGCCTGAGACCAGGGCTTCCATGGAGCG
ENST00000329276,20,protein_coding,NOP56-201,N,CGTGCAACAGCACCTGGAAC,GGG,2652854,2652832,-7,87,1.000000,0.640533,1.000000,0.640533,0.077726,0.000000,0.000000,0.000000,0.000134,0.000134,GGATCTCACCCACCTGCGGCTGCAGCAGACTGATCTCCTCCACTTCCTTCAGCGCCAGCAGCGCGTAGCCGACCGCGTGCTCAAACAGCACGTGCAACAGACCACTTCCTGGACCTTGAAACAAAACTTCCAATCCGCCACCCATCATATCGGTAAAGGCCTTTTGCCACTCCTTGAAGTTGAGCTCGGTCACCTGGAACGccAGCCGGGGCGCGAGCGTCAACGCAACCTCAGCGTCTGCCGGAACCCGTTCCcagggcaggcgcaggcgcaggcgcaggcccaggccc
ENST00000367435,1,protein_coding,CDC73-201,C,ACTTGAGATTCTGAATTATT,TGG,193250699,193250721,6,70,1.000000,0.720887,1.000000,0.720887,0.005956,0.005956,0.005956,0.005956,0.005956,0.005956,CATGCATTATTCTAAAAATTCTAAAATTCCTATAGTCATTATAACCTACCATAATATTTTTTTCAGGTACATGGTAAAGCATAAATCGCACTTGAGATTCGGTGGCGGATTGGAAGTTTTGTTTCAAGGTCCAGGAAGTGGTACCGAGCTCAACTTCAAGGAGTGGCAAAAGGCCTTTACCGATATGATGTGAATTATTTGGCTCCTCCATTTCTGGAAATTGAGACTCAAGCTTTATGAATTTATCAAGAACTTAAAAATGAAGAAGGTCACAGATTGATCTTTTATAA
ENST00000359321,7,protein_coding,XRCC2-201,C,TTTTTTATTATTGGAGAAAG,TGG,152648680,152648658,19,99,1.000000,0.037560,1.000000,0.037560,0.092308,0.092308,0.008577,0.008577,0.001150,0.008577,TCAAAGCAGCAACCAATTTTCATTAGTTTCACGTTGTTTAAAAAGTAACAGTTTAAAAAAACATTTcTTcATcATcGGcGAgtccGGcGTgGAgTTcTGcGGTGGCGGATTGGAAGTTTTGTTTCAAGGTCCAGGAAGTGGTACCGAGCTCAACTTCAAGGAGTGGCAAAAGGCCTTTACCGATATGATGTGATATACATCATAAAATAGTCTTTTGCAGGGTACTACGCAAGCCTTAAAAtttttcttaagacagagtcttgctctgtctcccaggctggagtgcagtg
ENST00000298786,10,protein_coding,SHLD2-202,N,TTTTTATCAGAAATCATGAG,TGG,87151340,87151362,-1,72,1.000000,0.990950,1.000000,0.990950,0.000000,0.000000,0.000000,0.000000,0.029762,0.029762,GGTCAGCAACAGACATTAAAGAAGCTGTGTCTTCTGATACTGTGATTTTCAGTGGAGCAATTGGAGCACCCCAAAAAATGTGGACTTGAGATCCTCCACTACCACTTCCTGGACCTTGAAACAAAACTTCCAATCCGCCACCCATCATATCGGTAAAGGCCTTTTGCCACTCCTTGAAGTTGAGCTCGGTCATGATTTCTGATAAAAATGAAAAATCCAAAATTAATATATTGTCAGCATATTTTTGCATATGGATATTAACTTAATAATGTACCAAAAGAAAATATAAC
ENST00000382447,9,protein_coding,CBWD1-207,N,GCTGTAGGCCGGAATGTTAC,CGG,178982,178960,-1,90,1.000000,0.990950,1.000000,0.990950,0.000000,0.000000,0.000000,0.000000,0.001019,0.001019,TTTCCTCCTCCTCGCTTTGCGTCGTCTCAATGGGAACCAATTCAGGACAATCCTCCTCCGCAGGATCCTCCTCCTCATCCGCAGATCCAACAGCCGGaAgACCACTTCCTGGACCTTGAAACAAAACTTCCAATCCGCCACCCATCATATCGGTAAAGGCCTTTTGCCACTCCTTGAAGTTGAGCTCGGTCATTCCGGCCTACAGCACGTCCCTACCTCAGCTGAACCGCTGGGACCAACACGCCGTACCGCAGCCGCGCACGCCCAGCACGCCACTCCCGGCCTGCCCG
ENST00000396680,22,protein_coding,ATF4-202,N,AGCTCATTTCGGTCATGTTG,CGG,39521461,39521439,-4,86,1.000000,0.864629,0.400000,0.345852,0.242647,0.242647,0.242647,0.005392,0.005392,0.005392,CTAAGAGACCTAGGCTTTCTTCAGCCCCCAAACCCGACTGGTCGAAGGGGGACATCAAGTCCCCCACCAACACCTCGCTGCTCAGGAAGCTCATTTCGGTACCACTTCCTGGACCTTGAAACAAAACTTCCAATCCGCCACCCATCATATCGGTAAAGGCCTTTTGCCACTCCTTGAAGTTGAGCTCGGTCATGTTGCGcTGCTTTGCTGGAATCGAGGAATGTGCTTAATTCGAAGGTGTCTTTGTCGGTTACAGCAACGCTGCTGCTGAATGCCGTGAGAAGCCTGAA
ENST00000366641,1,protein_coding,EGLN1-201,C,GTGGGGTATTGCTGGATCAA,AGG,231366386,231366408,-11,73,1.000000,0.332871,1.000000,0.332871,1.000000,0.000000,0.000000,0.000000,0.000272,0.000272,GTTGTCTATTTTTCTTTATCCCATTTATTCGTATTCACAAGTTAACAAATAGTTAACAATATTGTAGGTGAAGTGGGGTATTGCTGGATCAAAccCTCTACATCATATCGGTAAAGGCCTTTTGCCACTCCTTGAAGTTGAGCTCGGTACCACTTCCTGGACCTTGAAACAAAACTTCCAATCCGCCACCGAAGACGTCTTTACCGACCGAATCTGAAGGTTTATTGAGTTCAACCCTCACACCTTTTTCACCTGCAAGGTaaaaaaaaaaaaaaTTTTCATTCATTCAC
ENST00000261881,15,protein_coding,TIPIN-201,C,ACAGATACATTTTCTCTTAA,TGG,66336931,66336953,-13,62,0.850000,0.215162,1.000000,0.182888,1.000000,0.000000,0.000000,0.000000,0.004294,0.004294,ACTATCTAAGGATTTTCACTCCAAGAAGAAAAAATACATAGTAACGCCAAGCTTGCAGGACGATGACTTAACAGATACATTTTCTCTTAATccAAACTTACATCATATCGGTAAAGGCCTTTTGCCACTCCTTGAAGTTGAGCTCGGTACCACTTCCTGGACCTTGAAACAAAACTTCCAATCCGCCACCTCTAGCTTCAGTAATATTTCTGGATGTAGCATCAAGTTGCTGTTGCACATTTTTAAAAGACTGGTCCAGCAGTGTTTCCTCTTCATTTAAAGTATTGGCA
ENST00000264156,2,protein_coding,MCM6-201,C,CAATCTTCGAGCAAGTAGTT,AGG,135840836,135840858,15,93,1.000000,0.129321,1.000000,0.129321,0.073739,0.073739,0.051050,0.051050,0.051050,0.051050,TGAGCTCACCCAGGCTGGATTGAAAGGCTCCACAGAGGGAAGTGAGAGCTATGAAGAAGATCCCTACTTGGTAGTTAACCCcAAtTAtcTttTgGAgGAcGGTGGCGGATTGGAAGTTTTGTTTCAAGGTCCAGGAAGTGGTACCGAGCTCAACTTCAAGGAGTGGCAAAAGGCCTTTACCGATATGATGTGAGATAGTGAAAGTAACTGACCAGAGCTGAGGAACTGTGGCACAGCACCTCGTGGCCTGGAGCCTGGCTGGAGCTCTGCTAGGGACAGAAGTGTTTCTG
ENST00000472837,7,protein_coding,GTF2IRD2B-203,N,TTGCACAGGGATCATGGCCC,AGG,75108952,75108974,1,79,1.000000,0.990950,1.000000,0.990950,0.000000,0.000000,0.000000,0.000000,0.002607,0.002607,tgaactagatctttggtgagcaccctcacatctctaaATGTGGGTTTCAGACTCTGAATTTTTGCCACTTTCTTATTGCTTCTCTTGCACAGGGATCATGACCGAGCTCAACTTCAAGGAGTGGCAAAAGGCCTTTACCGATATGATGGGTGGCGGATTGGAAGTTTTGTTTCAAGGTCCAGGAAGTGGTGCtCAGGTAGCAGTGTCCACCCTGCCTGTTGAAGAAGAGTCCTCCTCAGAGACCAGGATGGTGGTGACATTCCTCGTGTCTGCCCTCGAATCCATGGTGA
ENST00000440232,19,protein_coding,POLD1-201,N,AACTTGCCCAGCAGGATGGA,TGG,50398837,50398859,-1,77,1.000000,0.990950,1.000000,0.990950,0.000145,0.000145,0.000145,0.000145,0.023965,0.023965,CGAATTGGGATGGCCGAGGTGCATCATCATCATCCCAGAGGCCCCCACGGGCCCGCTTTGGGGGCACCCCGGGCCCTGGGCCTGGCCGCCGCTTGCCATCACCACTTCCTGGACCTTGAAACAAAACTTCCAATCCGCCACCCATCATATCGGTAAAGGCCTTTTGCCACTCCTTGAAGTTGAGCTCGGTCATCCTGCTGGGCAAGTTGGAGCTTGGTGGAGGTTCTGACCGGAGACACCTCTTACCCTGTCTCCATGGCATCCCATGCACCCACCATGACCACGAGCCT
ENST00000217233,20,protein_coding,TRIB3-201,N,CCAGAGGGGTGGCTCGCATC,TGG,388029,388007,-1,94,1.000000,0.990950,1.000000,0.990950,0.000000,0.000000,0.000000,0.000000,0.000201,0.000201,CTCGTTTCTGGACGGGACGCTCGGTATCTAAGTTGTCATCCAACTCCAACCGCTTCTTCCTGGACAGGGAACCCGCAGGAGCAGCCAGAGGGGTGGCTCGACCACTTCCTGGACCTTGAAACAAAACTTCCAATCCGCCACCCATCATATCGGTAAAGGCCTTTTGCCACTCCTTGAAGTTGAGCTCGGTCATCTGGTAAAAAGGAGAGAAAAGCACTAAAGTGAGACTGCTTGGTGGCCCCTCCTTTCCCCtgctggtgggaggatacgtggcacaacatttatagggg
ENST00000300648,12,protein_coding,GCN1-201,C,TGGCCCAGGCCTCTCATGTC,AGG,120127836,120127858,1,89,1.000000,0.990950,1.000000,0.990950,0.000000,0.000000,0.000000,0.000000,0.000159,0.000159,GGCCAGTTTGGAGGTGCTGAACGAGGTTAACCGAAGGTCCCTGAAGAAGCTGGCCAGCCAGGCCGACTCCACGGAGCAGGTGGACGACACCATCCTGACcGGTGGCGGATTGGAAGTTTTGTTTCAAGGTCCAGGAAGTGGTACCGAGCTCAACTTCAAGGAGTGGCAAAAGGCCTTTACCGATATGATGTGAGAGGCCTGGGCCAGCAGCAGCATTGCCGCTCCACATCTTTGCTCAATGTTTTCATTTTTGAAAATACATTTGTTCCAATGGGGAGCTTGGAAGATGG
ENST00000356183,16,protein_coding,GTF3C1-201,C,GCCCACAGGGGTCCTAGAGG,TGG,27461337,27461359,1,85,1.000000,0.990950,1.000000,0.990950,0.000000,0.000000,0.000000,0.000000,0.002746,0.002746,CGAGAGCCCCATGGCTTTCTATGAGCCCACCTTGGACTGTACCCTCCGGCTGGGCCGTGTGTTCCCCCACGAGGTCAACTGGAACAAGTGGATCCACtTgGGTGGCGGATTGGAAGTTTTGTTTCAAGGTCCAGGAAGTGGTACCGAGCTCAACTTCAAGGAGTGGCAAAAGGCCTTTACCGATATGATGTAGGACCCCTGTGGGCGTCCCCTCCCTCCCAGCCACCGCCTGCCACACCACTCCTGCCTGGTGCTCGGCAGACCCCACTGTGCCCTGGCCTTGGGTCTGC
ENST00000229854,6,protein_coding,MCM3-201,C,AGACGAGGCCTCCTCAGATG,AGG,52264575,52264597,1,89,1.000000,0.990950,1.000000,0.990950,0.000000,0.000000,0.000000,0.000000,0.000905,0.000905,CAGCGAAGAGCCCTTCTCTTCAGTTGAGATCCAGGCTGCTCTGAGCAAGATGCAGGATGACAATCAGGTCATGGTGTCTGAGGGCATCATCTTCCTCATtGGTGGCGGATTGGAAGTTTTGTTTCAAGGTCCAGGAAGTGGTACCGAGCTCAACTTCAAGGAGTGGCAAAAGGCCTTTACCGATATGATGTGAGGAGGCCTCGTCTCTGAACTTGGGTTGTGCCGAGAGAGTTTGTTCTGTGTTTCCCACCCTCTCCCTGACCCAAGTCTTTGCCTCTACTCCCTTAACA
ENST00000216122,22,protein_coding,MCM5-201,N,ACCCCAGGCGCAGTCATGTC,GGG,35400424,35400446,-1,94,1.000000,0.990950,1.000000,0.990950,0.000000,0.000000,0.000000,0.000000,0.019841,0.019841,AGCGCCTCTGCAGCTGCGATTTGCGGGCCTGCCCCTCGTCGGCCTGGGCGTCGCCCCCGAAGCTGTCGCTGTAGAAAATGCCAGGATCGTCGAATCCCGAACCACTTCCTGGACCTTGAAACAAAACTTCCAATCCGCCACCCATCATATCGGTAAAGGCCTTTTGCCACTCCTTGAAGTTGAGCTCGGTCATGACTGCGCCTGGGGTGGGAACAAACGGCCAGAACAGGCTGGGGGCAGCGCCTGGCACCTCCTCCCCTCCGACGCCTGGGTCCCTGCCCTGAGTCCGG
ENST00000369026,1,protein_coding,MCL1-202,N,CGGCGGCGACTGGCAATGTT,TGG,150579545,150579523,1,96,1.000000,0.990950,1.000000,0.990950,0.000000,0.000000,0.000000,0.000000,0.001804,0.001804,TAAAGGAGCTGCTCGCCACTTCTCACTTCCGCTTCCTTCCAGTAAGGAGTCGGGGTCTTCCCCAGTTTTCTCAGCCAGGCGGCGGCGGCGACTGGCAATGACCGAGCTCAACTTCAAGGAGTGGCAAAAGGCCTTTACCGATATGATGGGTGGCGGATTGGAAGTTTTGTTTCAAGGTCCAGGAAGTGGTTTTGGCCTCAAAAGAAACGCGGTAATCGGACTCAACCTCTACTGTGGGGGGGCCGGCTTGGGGGCCGGCAGCGGCGGCGCCACCCGCCCGGGAGGGCGAC
ENST00000327761,3,protein_coding,RASSF1-201,C,GGGGTACAAGAGGTCACCCA,AGG,50330568,50330590,1,87,1.000000,0.990950,1.000000,0.990950,0.000000,0.000000,0.000000,0.000000,0.000231,0.000231,CCTGCAGCGGGAGGAGGAGGAGCACCTCCGCCAGATCCTGCAGAAGTACTCCTATTGCCGCCAGAAGATCCAAGAGGCCCTGCACGCCTGCCCCCTTGGcGGTGGCGGATTGGAAGTTTTGTTTCAAGGTCCAGGAAGTGGTACCGAGCTCAACTTCAAGGAGTGGCAAAAGGCCTTTACCGATATGATGTGACCTCTTGTACCCCCAGGTGGAAGGCAGACAGCAGGCAGCGCCAAGTGCGTGCCGTGTGAGTGTGACAGGGCCAGTGGGGCCTGTGGAATGAGTGTGC
ENST00000263956,2,protein_coding,GTF3C3-201,N,CAGACCCTGTAAACATGTCA,GGG,196799625,196799603,0,88,1.000000,1.000000,1.000000,1.000000,0.004280,0.004280,0.004280,0.004280,0.004280,0.004280,TTGCTCTTGCTGGCCCCGGCGAGGTAGCTTCTGGAAGGCGCTGCTCTTCCGGTTCTCTGTCCCGGTTCCTGGGGTTGCACAGACAGACCCTGTAAAgATGACCGAGCTCAACTTCAAGGAGTGGCAAAAGGCCTTTACCGATATGATGGGTGGCGGATTGGAAGTTTTGTTTCAAGGTCCAGGAAGTGGTTCAGGGTTCAGTCCGGAACTCATCGACTACTTGGAAGGGAAAATCTCCTTTGAGGAGTTCGAACGGCGGAGAGAAGAGAGAAAAACCCGCGAGAAGAAAG
ENST00000303961,19,protein_coding,EGLN2-201,C,AGCCGCCTACGCCCACCTAG,TGG,40807845,40807867,0,94,1.000000,1.000000,1.000000,1.000000,0.000000,0.000000,0.000000,0.000000,0.002126,0.002126,TTTGTCCTTCTGATGACTCACTGTCTCCTGTCCCCTCTCACCCCCAGCATCAGGACAGAAAGGTGTCCAAGTACCTGTATCACAGCCGCCTACGCCCACCGGTGGCGGATTGGAAGTTTTGTTTCAAGGTCCAGGAAGTGGTACCGAGCTCAACTTCAAGGAGTGGCAAAAGGCCTTTACCGATATGATGTAGTGGCCAGTCCCAGAGCCGCATGGCAGACAGCTTAAATGACTTCAGGAGAGCCCTGGGCCTGTGCTGGCTGCTCCTTCCCTGCCACCGCTGCTGCTTC
ENST00000263791,15,protein_coding,EIF2AK4-201,N,GGCGCAGCGCTGCCATGGCT,ggg,39934182,39934204,0,89,1.000000,1.000000,1.000000,1.000000,0.000075,0.000075,0.000075,0.000075,0.016317,0.016317,cccatagcccgtccccagcgcggagccccgcccCGCAGGCTGCCGGGGGCCCACCGCCGCCCAGGCAAGGCCGCCCTGCCTTGGGCGCAGCGCTGCCATGACCGAGCTCAACTTCAAGGAGTGGCAAAAGGCCTTTACCGATATGATGGGTGGCGGATTGGAAGTTTTGTTTCAAGGTCCAGGAAGTGGTGCTgggggccgtggggcccccgggcgcggccgggACGAGCCTCCGGAGAGCTACCCGCAACGACAGGACCACGAGCTACAGGCCCTGGAGGCCATTTACG
ENST00000369847,10,protein_coding,PCGF6-202,N,TGTCTCTCCCGACCATGGAG,GGG,103351080,103351058,0,84,1.000000,1.000000,1.000000,1.000000,0.000128,0.000128,0.000128,0.000128,0.028549,0.028549,CCCTCAGGCTGCCGCGCCTGCGCAGTGGTGGCGTCCGAGGCCGGCCGAACTCCCGCGCTCTCCCGCCGCCTCGCCTCGCCTGGTGTCTCTCCCGACCATGACCGAGCTCAACTTCAAGGAGTGGCAAAAGGCCTTTACCGATATGATGGGTGGCGGATTGGAAGTTTTGTTTCAAGGTCCAGGAAGTGGTGAGGGGGTCGCGGTGGTGACGGCGGGCAGCGTAGGCGCTGCCAAAACCGAGGGAGCTGCAGCCTTGccgcctccgcctcctgtctccccgcccgccctca
ENST00000340473,13,protein_coding,GTF2F2-201,N,AGTTCCCCGCGCTCGGCCAT,GGG,45120675,45120653,0,97,1.000000,1.000000,1.000000,1.000000,0.012447,0.012447,0.012447,0.012447,0.012447,0.012447,CAGCGCGGCTTGTCCTTTGTTCCGGACGCCCGCTCCTCAGCCCTGCGGCTCCTGGGGTCGCTGCTGCATCCCGCACGCCTCCACCGGCTGCAGACCCATGACCGAGCTCAACTTCAAGGAGTGGCAAAAGGCCTTTACCGATATGATGGGTGGCGGATTGGAAGTTTTGTTTCAAGGTCCAGGAAGTGGTGCCGAGCGCGGGGAACTCGACTTGACCGGCGCCAAACAGAACACAGGAGTGTGGCTAGTCAAGGTAATGTTCGCGAGTCTCCCACTTGCGCTCCTCCTAA
ENST00000312419,11,protein_coding,POLD4-201,N,CCTGGGTGGCCGCCATGGGC,CGG,67353413,67353391,0,77,1.000000,1.000000,1.000000,1.000000,0.000078,0.000078,0.000078,0.000078,0.001082,0.001082,CGTCTGTCTCTCTCAGCAGCTGTCTTTCTCGCGCCCACTGGCCGGTCTCTCCTCTTCCCCGCAGTTGCCTCCTTCTCTGCCTGCCTGGGTGGCCGCgATGACCGAGCTCAACTTCAAGGAGTGGCAAAAGGCCTTTACCGATATGATGGGTGGCGGATTGGAAGTTTTGTTTCAAGGTCCAGGAAGTGGTGGCCGGAAGCGGCTCATCACTGATTCCTACCCGGTTGTGAAGAGGAGGGAGGGGCCCGCTGGGCACAGCAAGGGGGAGCTGGCACCCGAGCTAGGTCTCT
ENST00000261693,12,protein_coding,SCARB1-201,C,GCAGGAAGCAAAACTGTAGG,TGG,124782701,124782679,-1,73,1.000000,0.990950,1.000000,0.990950,0.001653,0.001653,0.001653,0.001653,0.003361,0.003361,CTGAAGGAATGAGCAGGACCCCAAATGTTTTAAGCCGCCAGCATTCTACTTGATATGGGAGGGGGCGGGGAGGCGCACGGCATTACCTGGTACCCACCTACATCATATCGGTAAAGGCCTTTTGCCACTCCTTGAAGTTGAGCTCGGTACCACTTCCTGGACCTTGAAACAAAACTTCCAATCCGCCACCCAGTTTTGCTTCCTGCAGCACAGAGCCCTTGGGAGCTGATGTCATCAGGGATTCAGAATAGGCCTGAATGGCCTCCTTATCCTTTGAGCCCTTTTTACTA
ENST00000543341,12,protein_coding,GTF2H3-212,N,GTCCTCACCGTCTGAAACCA,TGG,123633880,123633858,1,87,1.000000,0.990950,1.000000,0.990950,0.000026,0.000026,0.000026,0.000026,0.000104,0.000104,CTCGTGCGTCACTTGGCGGCGCCGGACGTTGGGCTGCGCAGGATTTGAGACGCTCCCCTGACCACCACTTGCTCTGCGCTGAGGTGCTGGGACAGCCATGACCGAGCTCAACTTCAAGGAGTGGCAAAAGGCCTTTACCGATATGATGGGTGGCGGATTGGAAGTTTTGTTTCAAGGTCCAGGAAGTGGTGTgTCAGACGGTGAGGACCCTGCAGGGCGGGACTTCGACTCCGGGGCTCGGCTGTCTCGGTCCGGCTACGACTGGCCAGATGGAATGTGTCTTTTGGGCT
ENST00000320574,12,protein_coding,POLE-201,N,cccgccgcTCCTCAGAGACA,TGG,132687295,132687317,-1,84,1.000000,0.990950,1.000000,0.990950,0.000592,0.000592,0.000592,0.000592,0.002547,0.002547,CCGGAGGGCCGGCCCGAGAGCCTCAGGAGGGCGCCCCTCACCTGCTGGCCTCGCCATCCGCGCCTGGGTccgcgcgccgccgcccgccgcTCCTCAGgctACCACTTCCTGGACCTTGAAACAAAACTTCCAATCCGCCACCCATCATATCGGTAAAGGCCTTTTGCCACTCCTTGAAGTTGAGCTCGGTCATGGAGCCGTTGGCTACCACCTCTGCTTCAGGGGAGAAATTTGGCGCGCTCCCACCCAGACTCGCGAGAGCCGGAAATGCCGCCGTCCATCAAGAGGCG
ENST00000379059,X,protein_coding,POLA1-201,N,GTCGCCGTGCACAGGTGCCA,TGG,24693982,24693960,1,91,1.000000,0.990950,1.000000,0.990950,0.000082,0.000082,0.000082,0.000082,0.002031,0.002031,AGCCTCCCGAGCCGCTGATTGGCTTTCAGGCTGGCGCCTGTCTCGGCCCCCGCGCCAGTTTTGGGCTGGTTGGCGCGGAATCGGGAGATTCGGGACCATGACCGAGCTCAACTTCAAGGAGTGGCAAAAGGCCTTTACCGATATGATGGGTGGCGGATTGGAAGTTTTGTTTCAAGGTCCAGGAAGTGGTGCcCCTGTGCACGGCGACGACTGTGAGATAGGGGCGAGTGGTGAGGGACAATTCCGCGCGCGGGGCTCCGGGTTGGGACAGTGGCATGATTGCCGGTGGT
ENST00000457199,11,protein_coding,CHORDC1-202,C,AGATGCCACAACAGATTGAG,TGG,90202423,90202401,-1,79,1.000000,0.990950,1.000000,0.990950,0.003375,0.003375,0.003375,0.003375,0.007007,0.007007,ACACAACAACAAAACAAAAGATTACAGCAGCAAGCCACCACTTCACACAGTATTAAAAATTCGGAAATAATGTAATAGCCTTCCTTCCATCTCCCACTCACATCATATCGGTAAAGGCCTTTTGCCACTCCTTGAAGTTGAGCTCGGTACCACTTCCTGGACCTTGAAACAAAACTTCCAATCCGCCACCATCTGTTGTGGCATCTTTTTGTTTTTCCTGCTTTTTAGCTGCAGGCAGTTCAAGGCTTGCCCACTGCATCGGTTCAGCTTTTCTCATAGTGATTTCAATC
ENST00000265755,7,protein_coding,GTF2IRD1-201,N,GCGCTTACCCAGCAAGGCCA,TGG,74508101,74508079,1,87,1.000000,0.990950,1.000000,0.990950,0.001382,0.001382,0.001382,0.001382,0.001382,0.001382,CCGGGGGTCAGGTGGATTGGGGTGGGCAGCCACCATATGAGACAAGCCCCCTGCCTTGTGCCCACCACCACTGCCTCCTCCCTCCCCACAGGCGACCATGACCGAGCTCAACTTCAAGGAGTGGCAAAAGGCCTTTACCGATATGATGGGTGGCGGATTGGAAGTTTTGTTTCAAGGTCCAGGAAGTGGTGCtTTGCTGGGTAAGCGCTGTGACGTCCCCACCAACGGCTGCGGACCCGACCGCTGGAACTCCGCGTTCACCCGCAAAGACGAGATCATCACCAGCCTCG
ENST00000216367,14,protein_coding,POLE2-201,N,CCAAATCGCAAATATGGCGC,CGG,49688216,49688194,-1,96,1.000000,0.990950,1.000000,0.990950,0.000000,0.000000,0.000000,0.000000,0.003009,0.003009,CCCTCTCGCCCTTCAAGCTGCCCGAGCCCACTCACCCACGGAGCAGCAAGCCCCGCAACTTGAAGGCGGAGAGCGCCCGGCTCCGCAGCCGCTCCGGgGCACCACTTCCTGGACCTTGAAACAAAACTTCCAATCCGCCACCCATCATATCGGTAAAGGCCTTTTGCCACTCCTTGAAGTTGAGCTCGGTCATATTTGCGATTTGGCGCCACCGCCGCAGCTCCGCCCCTTCCCGGGCGCGCCCCTCCCAGCTCCGGCCTCGGCCCTGGCCCGCGTGGCGCTAAACCCTG
ENST00000329970,6,protein_coding,GTF3C6-201,N,GCGCCGCGGGACCATGGCGG,CGG,110958757,110958779,1,91,1.000000,0.990950,1.000000,0.990950,0.000000,0.000000,0.000000,0.000000,0.016454,0.016454,CCAATAAGCTGCTTCGCCTCGGAGCTGAAGCCCGTACTCAAGATGGCGGCTCCGGGCGGGCGTGGCCAGTGACTAGAAGGCGAGGCGCCGCGGGACCATGACCGAGCTCAACTTCAAGGAGTGGCAAAAGGCCTTTACCGATATGATGGGTGGCGGATTGGAAGTTTTGTTTCAAGGTCCAGGAAGTGGTGCcGCGGCGGCGGACGAGCGGAGTCCAGAGGACGGAGAAGACGAGGAAGAGGAGGTAGTAAGCGCTACGCCAAAAGCCTGCACCGCAGTGGCGGTGATGC
ENST00000372097,9,protein_coding,GTF3C5-202,N,CAGACGCACAGGGATGGCGG,CGG,133030999,133031021,1,83,1.000000,0.990950,1.000000,0.990950,0.000000,0.000000,0.000000,0.000000,0.009298,0.009298,GGGAGCCCGGAACGATTCCTTCGCGGAACAATTGAGGCGAGGCCTTTGGGAGTACTTTGTGGGACGGACCCTGGCGGGCCCTGCCAGACGCACAGGGATGACCGAGCTCAACTTCAAGGAGTGGCAAAAGGCCTTTACCGATATGATGGGTGGCGGATTGGAAGTTTTGTTTCAAGGTCCAGGAAGTGGTGCcGCGGAGGCGGCCGATTTGGGGCTGGGGGCCGCCGTCCCCGTGGAGCTGAGGCGGGAGCGACGCATGGTGTGCGTGGAGTACCCGGGAGTGGTGCGTG
ENST00000216044,22,protein_coding,GTPBP1-201,N,TAAGTTATTAAAGATGGCGA,CGG,38705943,38705965,1,83,1.000000,0.990950,1.000000,0.990950,0.000000,0.000000,0.000000,0.000000,0.012566,0.012566,ATTCCGATAAGGAGCGGGGCGGGGCTCTGTGCATAGATTAGTCAAATGAGCCTGGGAGGGAGGGAAGCCGGCTACGAATTAGCCTAAGTTATTAAAGATGACCGAGCTCAACTTCAAGGAGTGGCAAAAGGCCTTTACCGATATGATGGGTGGCGGATTGGAAGTTTTGTTTCAAGGTCCAGGAAGTGGTGCcACGGAGCGCAGTCGCTCCGCGATGGACTCGCCGGTCCCGGCCTCTATGTTCGCCCCCGAGCCCAGCTccccgggggcggccagggccgcggcggccg
ENST00000372146,9,protein_coding,GTF3C4-201,N,CACCTGAGAGAAGATGAACA,CGG,132670586,132670608,1,76,1.000000,0.990950,1.000000,0.990950,0.000000,0.000000,0.000000,0.000000,0.009750,0.009750,CGCCGCGGAGGGCGCTGGGGGTGGCGGCGGCGGTCCGGGAGGTGGTCGCGCGACTGCGTGGAGCGCCAGGGCGTCCGACCTCTGCACCTGAGAGAAGATGACCGAGCTCAACTTCAAGGAGTGGCAAAAGGCCTTTACCGATATGATGGGTGGCGGATTGGAAGTTTTGTTTCAAGGTCCAGGAAGTGGTAAtACGGCCGACCAGGCCCGGGTGGGGCCCGCGGACGACGGGCCTGCGCCGTCTggggaggaggagggagaggggggcggcgaggcgggcgggaaggagC
ENST00000263681,11,protein_coding,POLD3-201,N,CAGATAAAGCTGGTCCGCCA,TGG,74592679,74592657,1,94,1.000000,0.990950,1.000000,0.990950,0.000223,0.000223,0.000223,0.000223,0.000330,0.000330,CCCGGGACCTGGGAGGGAGCAAAGACGTTTCCCGCCGGCGGGAGCTGTGGCTGTGATTGAGAGAGGGGTTAGAGGCGGGTCCCAGCGCTGCCGCACCATGACCGAGCTCAACTTCAAGGAGTGGCAAAAGGCCTTTACCGATATGATGGGTGGCGGATTGGAAGTTTTGTTTCAAGGTCCAGGAAGTGGTGCcGACCAGCTTTATCTGGAAAATATAGACGAGTTCGTCACGGACCAAAACAAGATCGTGAGCAGCTACTACTGGGGAACGCGGGCGTGCGACCGGGGTC
ENST00000569240,16,protein_coding,CNOT1-216,C,GAGATGCAGTTTCGTCTAAC,TGG,58520943,58520965,-1,96,1.000000,0.990950,1.000000,0.990950,0.000131,0.000131,0.000131,0.000131,0.003034,0.003034,GAAAGTCAGGAAGAGCTGAAAGGATTCTTCAGTCAGTTTATGAACTCGGTGCAGTGAGACCTCTAGACTGACACGTACAACAGAGATGCAGTTTCGTCTACATCATATCGGTAAAGGCCTTTTGCCACTCCTTGAAGTTGAGCTCGGTACCACTTCCTGGACCTTGAAACAAAACTTCCAATCCGCCACCACTGGCACCTGTCCCTTCCATTACTTGCTGGGCCTGCTTCTGTCCCATGCAGCACTGTGCGACCGACTGGAATAACCTGAAGGATGAAGACAGTTACAAA
ENST00000265421,8,protein_coding,POLB-201,N,CGGCGCCTTCCGTTTGCTCA,TGG,42338645,42338623,1,96,1.000000,0.990950,1.000000,0.990950,0.000223,0.000223,0.000223,0.000223,0.001032,0.001032,CCTGCTCCCGTCTCCAAGTCCTGGTACCTCCTTCAAGCTGGGAGAGGGCTCTAGTCCCTGGTTCTGAACACTCTGGGGTTCTCGGGTGCAGGCCGCCATGACCGAGCTCAACTTCAAGGAGTGGCAAAAGGCCTTTACCGATATGATGGGTGGCGGATTGGAAGTTTTGTTTCAAGGTCCAGGAAGTGGTtctAAACGGAAGGCGCCGCAGGAGACTCTCAACGGGGGAATCACCGACATGCTCACAGGTTAGCACCGGGCCGGGCCCCGCTGGCTTTCTTCTTTCCTTC
ENST00000515295,5,protein_coding,POLK-217,N,CTTCTCCTTTGTGCTATCCA,TGG,75547043,75547021,1,84,1.000000,0.990950,1.000000,0.990950,0.000033,0.000033,0.000033,0.000033,0.001474,0.001474,caaagtgctaggattacgggcatgagccaccacgcctggccACAGATGGTTTTAAAAGCAGTGTTTATCTTTATGCTTTTTCAGATAAGTTTATACCATGACCGAGCTCAACTTCAAGGAGTGGCAAAAGGCCTTTACCGATATGATGGGTGGCGGATTGGAAGTTTTGTTTCAAGGTCCAGGAAGTGGTGAcAGCACAAAGGAGAAGTGTGACAGTTACAAAGATGATCTTCTGCTTAGGATGGGACTTAATGATAATAAAGCAGGAATGGAAGGATTAGATAAAGAGA
ENST00000362003,4,protein_coding,PCGF3-201,N,AGAAGCCAAAGATGTTGACC,AGG,733670,733692,3,79,1.000000,0.921439,1.000000,0.921439,0.000014,0.000014,0.000014,0.000014,0.007135,0.007135,CCTCCCTGGGGGCGGCTGTCAGAGCTCAGCCAAGGATGAAAGGCATGGAAGAGTTTCAGGTGTTAATTAATCGCGTTTTCTCTTGTAGAAGCCAAAGATGACCGAGCTCAACTTCAAGGAGTGGCAAAAGGCCTTTACCGATATGATGGGTGGCGGATTGGAAGTTTTGTTTCAAGGTCCAGGAAGTGGTcTtACCAGGAAGATCAAGCTGTGGGACATCAACGCCCACATCACCTGCCGCCTGTGCAGCGGGTACCTCATCGACGCCACCACGGTGACCGAGTGTCTGC
ENST00000299206,10,protein_coding,POLL-201,N,GCCATACTTCAATGGATCCC,AGG,101587371,101587349,-3,92,1.000000,0.921439,1.000000,0.921439,0.000170,0.000170,0.000170,0.000170,0.000369,0.000369,CTCCCTCTTCCCTCCTAGGAATCTTTGCAAGTACTTTTGATGATGCATCAGCATGAATTTTCTGCCGCTTGGGAAATGCCTTCAAGATACCCCTGGGgTCACCACTTCCTGGACCTTGAAACAAAACTTCCAATCCGCCACCCATCATATCGGTAAAGGCCTTTTGCCACTCCTTGAAGTTGAGCTCGGTCATTGAAGTATGGCTGGATCCCGGCCTATTGGAGCGTTGGTCAGGGCTGCTGCACGTGGAAATCCAGAATTGAGGCCCTCCAACCCCTTTGCCTATGGAG
ENST00000380950,15,protein_coding,CEP152-202,C,TTGTTAATCTAGACTAATTA,TGG,48738265,48738243,-3,86,1.000000,0.921439,1.000000,0.921439,0.000000,0.000000,0.000000,0.000000,0.000217,0.000217,CTCAAAAGAGGCAGGGCTCACAATTTTTTTCAGTATGAGGTCTTCCCTTCCATTTTTGTTAATATATTAATGATTCTTCTTAAATACTGTACCATAATTACATCATATCGGTAAAGGCCTTTTGCCACTCCTTGAAGTTGAGCTCGGTACCACTTCCTGGACCTTGAAACAAAACTTCCAATCCGCCACCGTCTAGATTAACAAATGGGCTATCAAAGCCACTATCTTGTTGGCTAGATAGCGGAACAATTAATTTTCTTGAAGGCTGCTGACACACTGAAGATGGTAAT
ENST00000325748,2,protein_coding,PRKRA-201,C,TAGCAGAAAGAAAGTAAATC,TGG,178432113,178432091,-3,67,1.000000,0.921439,1.000000,0.921439,0.018519,0.018519,0.018519,0.018519,0.018519,0.018519,AACAAGACATAAACACTACGGTAAAAGTTTTACTTGGGAAGGGGCCAGAGGGGAACTTTTTATGTGCTACTGAAAGATTTTTTAAGTTGCTCCAGATTTACATCATATCGGTAAAGGCCTTTTGCCACTCCTTGAAGTTGAGCTCGGTACCACTTCCTGGACCTTGAAACAAAACTTCCAATCCGCCACCCTTTCTTTCTGCTATTATCTTTAAATACTGCAAAGCATTGTGAGCTGCATCACTTTGTGCATTGCCACAGGAGATACCGGAGCCATGACAGACTGTGATG
ENST00000307126,6,protein_coding,GTPBP2-202,N,ggcagcggcggatggactcg,cgg,43629173,43629151,-3,90,1.000000,0.921439,1.000000,0.921439,0.000752,0.000752,0.000752,0.000752,0.001269,0.001269,CGCTGCTGCTGCCGGCCCCCCTAGCCTTGAGGGTTCCGCCCACGGCCGGGCCCCCTCCGGGCCGGCAGCAGCCGCCGAACAGCTCCGATAcccgcgaaTCACCACTTCCTGGACCTTGAAACAAAACTTCCAATCCGCCACCCATCATATCGGTAAAGGCCTTTTGCCACTCCTTGAAGTTGAGCTCGGTcatccgccgctgccgccagccccccgcccggcccctcccccgaccgccgccgccgtcgccgccgcccTTACTGCCACTGCCGTGTCCGGCCGGCCTGAGC
ENST00000322088,19,protein_coding,PPP2R1A-201,C,TTCTGTCTCTCGCCTGATGC,TGG,52225965,52225987,3,85,1.000000,0.921439,1.000000,0.921439,0.000000,0.000000,0.000000,0.000000,0.001262,0.001262,GCAGCTTCTGGGAGGGGGAGGTACCTTGGCATTGTGGGCAGAGAGAGGGCTCTGGTTCTGATTCTTGCCTGTTCCTGTTTTCCTAGTTCTGTCTCTCGCCGGTGGCGGATTGGAAGTTTTGTTTCAAGGTCCAGGAAGTGGTACCGAGCTCAACTTCAAGGAGTGGCAAAAGGCCTTTACCGATATGATGTGATGCTGGAAGAGGAGCAAACACTGGCCTCTGGTGTCCACCCTCCAACCCCCACAAGTCCCTCTTTGGGGAGACACTGGGGGGCCTTTGGCTGTCACTC
ENST00000452185,7,protein_coding,POLD2-207,C,AAACCACTTTTTTGAGTCAG,GGG,44114769,44114791,-2,74,1.000000,0.964290,1.000000,0.964290,0.000000,0.000000,0.000000,0.000000,0.004078,0.004078,CGCATCAGCAAGTGCTCAGGCTTTATTTACAATGCCGACACTGCAGGGAATGAACAGCCTCCATCTGGGCCTCTCTGGTCAAAACCACTTTTTTGAGTCACATCATATCGGTAAAGGCCTTTTGCCACTCCTTGAAGTTGAGCTCGGTACCACTTCCTGGACCTTGAAACAAAACTTCCAATCCGCCACCGGGGCCCAGCCCCAGGCCTCCCAGGTCATCGTCCTCTGCCCCGAAGCCCGAGAAGCTGATGGGCTGGCAGGCCAGGCTGCGCAGGTTCACAAGGCAGGCG
ENST00000370500,1,protein_coding,GTF2B-201,N,TGAAGATGGCGTCTACCAGC,CGG,88891504,88891482,-9,91,1.000000,0.478852,1.000000,0.478852,0.000248,0.000248,0.000248,0.000248,0.003821,0.003821,CCTACGAGGCTGCCCGGAGGCCGCCTAAAAGCCGGCGGCGCTCGCGCCCGCCCCTCAGCTCGCCGGGCTCGGCGGGACATACTAACCGGCTtGTgctgGCACCACTTCCTGGACCTTGAAACAAAACTTCCAATCCGCCACCCATCATATCGGTAAAGGCCTTTTGCCACTCCTTGAAGTTGAGCTCGGTCATCTTCACGGCGACTGCGGTGCCCGCAACAAGACACAACAGACACACCGAAAGCAGGAAGCGAATGTGGCGAAGAGACGCGCAGAGATGAGTTTTTATA
ENST00000316316,6,protein_coding,MCM9-202,N,TCGCTATTCATCTTGAATCT,AGG,118931713,118931735,9,88,1.000000,0.478852,0.400000,0.191541,0.089936,0.089936,0.089936,0.001999,0.001999,0.001999,ATTTATAACCAATCGTTTTTGTTAAATTGTGTGTACATCTTGAGTATCAAATATATAATATGATCCttttttttttCTTTAGTTAgCTAGATTCAAGATGACCGAGCTCAACTTCAAGGAGTGGCAAAAGGCCTTTACCGATATGATGGGTGGCGGATTGGAAGTTTTGTTTCAAGGTCCAGGAAGTGGTAATAGCGATCAAGTTACACTGGTTGGTCAAGTGTTTGAGTCATATGTTTCGGAATACCATAAGAATGATATTCTTCTAATCTTGAAGGAAAGGGATGAAG
ENST00000370009,X,protein_coding,NAA10-201,C,GGGATGGGGCAGGCTCTAGG,AGG,153929972,153929994,-1,68,1.000000,0.990950,1.000000,0.990950,0.000410,0.000410,0.000410,0.000410,0.001183,0.001183,CCTCTAAATGTGCGCGCGCTCACACACAAAGTTCCCCAGTGCCACGGAGCGAATTTATTGTGAAAGCTCGTGGGGTGAGGAGGGGATGGGGCAGGCTCTACATCATATCGGTAAAGGCCTTTTGCCACTCCTTGAAGTTGAGCTCGGTACCACTTCCTGGACCTTGAAACAAAACTTCCAATCCGCCACCGGAGGCTGAGTCGGAGGCCTCTGAGCTGTCCTTGACATCTGTGCTCTCTGTGGTCTCGCTGACCTCGCTGAGGTCCTTGCTGTCCCCACCACTATCCTCG
ENST00000286800,21,protein_coding,BACH1-201,C,GAGAAAATTAGATGGTTTGA,AGG,29342870,29342848,23,59,0.700000,0.008155,1.000000,0.005709,1.000000,0.000000,0.000000,0.000000,0.007988,0.007988,AGCCACCTCTGAGCAAGCTGGGCCTGCGGAACAGTGTCGTCAGAGTGGTGGGATCTCAGATTTCTGTCAGCAGATGACTGATAAATGTACTACTGATGAGGGTGGCGGATTGGAAGTTTTGTTTCAAGGTCCAGGAAGTGGTACCGAGCTCAACTTCAAGGAGTGGCAAAAGGCCTTTACCGATATGATGTAAACTTGCATTCACTTggTTCAAACCATCTAATTTTCTCCTGAAGTTTTGGCAGCGTCTTGAAAGCCTAATATGACCATCTGTTGCTCAACAATACTGT
ENST00000263672,11,protein_coding,SPCS2-201,C,AAGAGGGCTACTTTTAGAAT,TGG,74977066,74977044,9,81,1.000000,0.478852,1.000000,0.478852,1.000000,0.000000,0.000000,0.000000,0.002845,0.002845,TGCTAAGTTTTTTGACCACAGTGGGACACTGGTCATGGATGCATATGAGCCTGAAATATCCAGGCTCCATGACAGTCTTGCCATAGAAAGAAAAATAAAGGGTGGCGGATTGGAAGTTTTGTTTCAAGGTCCAGGAAGTGGTACCGAGCTCAACTTCAAGGAGTGGCAAAAGGCCTTTACCGATATGATGTAGggAATTCTAAAAGTAGCCCTCTTTCTCCTGGATCTTGCTGAATTAGTGGCTTGGGGGGTGGGGGAGATAAAAAGAACTTAAAATGGGTAAAGTAAGA
